task,sub,condition,a,v,t,st,alpha
sternberg,subject1,s1,2.5448675,3.4281754,0.2577536,0.14442861,1.477155
sternberg,subject10,s1,2.7885087,2.8928761,0.29263294,0.1596406,1.4765222
sternberg,subject100,s1,2.7943244,5.155839,0.3664697,0.1261085,1.5304238
sternberg,subject101,s1,2.2125063,3.897759,0.23574045,0.117435485,1.5318828
sternberg,subject102,s1,2.303157,3.255564,0.2923693,0.15772377,1.4658906
sternberg,subject103,s1,2.4431643,3.7860553,0.23062584,0.12798831,1.5266253
sternberg,subject104,s1,2.144734,3.970141,0.23888598,0.1203973,1.4782916
sternberg,subject105,s1,2.565946,2.7535982,0.25736818,0.15980335,1.5316658
sternberg,subject106,s1,2.3085053,1.6939347,0.2654968,0.14097817,1.4725844
sternberg,subject107,s1,2.8534496,4.267373,0.26691166,0.15025488,1.5403881
sternberg,subject108,s1,2.8985674,3.4755893,0.2716851,0.15447247,1.5772865
sternberg,subject109,s1,2.3182607,4.1101913,0.24313793,0.11978863,1.4272463
sternberg,subject11,s1,1.7347424,1.7169405,0.24384843,0.1352475,1.4425497
sternberg,subject110,s1,2.3827069,4.107579,0.21741635,0.123734765,1.5188746
sternberg,subject111,s1,2.3631163,5.1498823,0.23000222,0.09323442,1.4399121
sternberg,subject112,s1,2.236507,3.669683,0.22384569,0.11845623,1.4967966
sternberg,subject113,s1,2.177282,3.9401855,0.25201088,0.11315164,1.4547225
sternberg,subject114,s1,2.3021994,3.8621445,0.21860912,0.11199061,1.4599305
sternberg,subject115,s1,2.5778441,2.8584733,0.22689687,0.13490117,1.5835067
sternberg,subject116,s1,2.7749953,3.7129767,0.30626652,0.19740394,1.4263033
sternberg,subject117,s1,3.3482623,1.9686754,0.16922039,0.24545348,1.4728104
sternberg,subject118,s1,2.3856108,6.3083234,0.26012844,0.08042727,1.4642874
sternberg,subject119,s1,2.2231226,2.1417198,0.22552332,0.1271506,1.5392605
sternberg,subject12,s1,1.7542952,2.6125116,0.25943506,0.12617835,1.4365078
sternberg,subject120,s1,2.08309,4.078799,0.27031934,0.11621278,1.4890839
sternberg,subject121,s1,2.253893,2.6673782,0.285872,0.18020616,1.3549407
sternberg,subject122,s1,2.1581998,3.3552454,0.20170726,0.11927876,1.546273
sternberg,subject123,s1,2.3938446,3.08504,0.13606602,0.1985781,1.4839512
sternberg,subject124,s1,2.542495,3.3584695,0.2629193,0.13524643,1.4171476
sternberg,subject125,s1,2.7997508,4.2606378,0.30755907,0.13610429,1.2933214
sternberg,subject126,s1,2.9864352,3.1663787,0.25315922,0.15660614,1.5876098
sternberg,subject127,s1,2.4801033,4.1757836,0.26415843,0.12387352,1.4673291
sternberg,subject128,s1,2.5740893,5.103963,0.25553754,0.10188115,1.4958549
sternberg,subject129,s1,2.3826194,4.169533,0.25121912,0.10578988,1.3871545
sternberg,subject13,s1,2.218344,4.495969,0.2557227,0.105921485,1.3650349
sternberg,subject130,s1,2.747242,5.0289507,0.25560272,0.11670531,1.4958915
sternberg,subject131,s1,2.156298,5.681793,0.25366044,0.08726814,1.4073317
sternberg,subject132,s1,2.069838,3.830234,0.21476087,0.11662546,1.5239552
sternberg,subject133,s1,2.052503,3.7781806,0.3125121,0.14505416,1.3562979
sternberg,subject134,s1,2.5222747,5.657345,0.25759077,0.09828967,1.5131358
sternberg,subject14,s1,2.4597855,2.4789546,0.28736687,0.1737513,1.4678166
sternberg,subject15,s1,2.2779784,4.4569345,0.2614646,0.10937331,1.4862617
sternberg,subject16,s1,2.232911,3.0386095,0.20637459,0.12230506,1.5162143
sternberg,subject17,s1,2.2999198,3.319327,0.24369347,0.12238839,1.4907651
sternberg,subject18,s1,2.3958592,6.320152,0.35237017,0.087454654,1.4985316
sternberg,subject19,s1,2.3827736,4.6405373,0.27211756,0.1147723,1.5208317
sternberg,subject2,s1,2.194793,3.563914,0.26328796,0.12659633,1.3834311
sternberg,subject20,s1,2.2413795,4.370899,0.20806237,0.10633424,1.4005561
sternberg,subject21,s1,2.6662664,4.9351764,0.42884448,0.18119283,1.5463903
sternberg,subject22,s1,1.9109223,2.0218322,0.2282137,0.13273352,1.3060405
sternberg,subject23,s1,2.5650568,1.7798347,0.16544153,0.22901422,1.4374026
sternberg,subject24,s1,2.4252703,4.292121,0.26212057,0.12671962,1.528852
sternberg,subject25,s1,2.215094,2.8261068,0.2386116,0.14142114,1.5609645
sternberg,subject26,s1,2.4891436,3.352649,0.26311848,0.1739927,1.5566721
sternberg,subject27,s1,2.683674,3.5120435,0.2877658,0.1567862,1.5470848
sternberg,subject28,s1,2.3176267,5.843089,0.25291842,0.086729884,1.4908603
sternberg,subject29,s1,2.038969,4.9090686,0.27139753,0.09530894,1.4525797
sternberg,subject3,s1,3.1651416,3.521118,0.48233768,0.2314873,1.3326513
sternberg,subject30,s1,2.0112076,6.3551865,0.23887877,0.0701572,1.3760942
sternberg,subject31,s1,2.589967,5.121283,0.29124883,0.111290686,1.4650809
sternberg,subject32,s1,1.9503646,2.3244166,0.21949682,0.12414277,1.4715135
sternberg,subject33,s1,2.7375436,2.2359576,0.22803994,0.13649498,1.5491492
sternberg,subject34,s1,2.0643816,4.165514,0.24211209,0.1054754,1.4771852
sternberg,subject35,s1,2.4006197,4.046505,0.31175897,0.13533446,1.469046
sternberg,subject36,s1,2.380905,3.4865384,0.260989,0.16659118,1.5788541
sternberg,subject37,s1,1.7679632,3.2919824,0.24966876,0.120244294,1.4409039
sternberg,subject38,s1,2.6174338,2.5039778,0.25640142,0.14736637,1.492288
sternberg,subject39,s1,2.9590118,2.8121724,0.30035794,0.15526678,1.5154246
sternberg,subject4,s1,2.3377361,2.8889048,0.2508151,0.14530702,1.4351215
sternberg,subject40,s1,2.1263068,4.2257605,0.2617728,0.11101319,1.4272573
sternberg,subject41,s1,2.4350152,3.9228604,0.24737051,0.12396323,1.4654602
sternberg,subject42,s1,2.1208801,4.120534,0.25592047,0.121868566,1.4869866
sternberg,subject43,s1,2.5976558,2.7752304,0.20971467,0.1367876,1.6096058
sternberg,subject44,s1,2.5730855,4.7399435,0.28364587,0.120314814,1.4898889
sternberg,subject45,s1,2.2621238,5.441034,0.24103259,0.093071856,1.400348
sternberg,subject46,s1,2.4136271,4.357351,0.24283251,0.123713285,1.5240685
sternberg,subject47,s1,2.70411,2.9957745,0.26936924,0.17734778,1.4711497
sternberg,subject48,s1,2.5578809,4.4254036,0.28068554,0.13935526,1.5695494
sternberg,subject49,s1,2.2483072,4.7157435,0.35535136,0.120154284,1.4001358
sternberg,subject5,s1,2.5187051,2.8720999,0.24694525,0.16353406,1.5031717
sternberg,subject50,s1,2.3953278,4.8708005,0.28784353,0.11402463,1.3649769
sternberg,subject51,s1,1.9473858,4.675974,0.22230323,0.09894038,1.4609922
sternberg,subject52,s1,2.3233287,6.285843,0.3053619,0.088770926,1.4866319
sternberg,subject53,s1,2.1599584,5.9134974,0.30016747,0.087616086,1.4179089
sternberg,subject54,s1,2.853251,3.7905555,0.3206383,0.14835449,1.4070119
sternberg,subject55,s1,2.5571976,4.01296,0.27148595,0.14491194,1.5311306
sternberg,subject56,s1,2.2975721,6.6249003,0.28795162,0.07979529,1.4705715
sternberg,subject57,s1,2.3842182,3.7420084,0.23748547,0.13539854,1.4972773
sternberg,subject58,s1,2.3872151,4.254433,0.2587309,0.1131514,1.4945357
sternberg,subject59,s1,1.9835527,6.085093,0.27517378,0.086770885,1.4835529
sternberg,subject6,s1,2.3967402,3.193965,0.21024787,0.12440606,1.5655631
sternberg,subject60,s1,2.218543,4.7013693,0.28682518,0.115657985,1.3940336
sternberg,subject61,s1,2.3286443,3.7757497,0.26727206,0.13523263,1.5254247
sternberg,subject62,s1,2.1168723,4.10817,0.22204643,0.10812116,1.3997462
sternberg,subject63,s1,2.5312397,3.3447468,0.30999136,0.16260967,1.3136647
sternberg,subject64,s1,2.3306115,5.3153577,0.27228072,0.1040082,1.395761
sternberg,subject65,s1,2.5051513,4.773471,0.22423862,0.10015326,1.4015108
sternberg,subject66,s1,2.2124803,3.8659422,0.28354964,0.13346013,1.449292
sternberg,subject67,s1,2.493611,2.8153014,0.30567524,0.13471344,1.5339676
sternberg,subject68,s1,2.2845824,5.1071563,0.2520694,0.10766812,1.5138816
sternberg,subject69,s1,2.944828,3.7041416,0.36781678,0.17251885,1.4506243
sternberg,subject7,s1,2.3107429,2.97442,0.22049884,0.13869475,1.5310968
sternberg,subject70,s1,2.4943082,1.9954903,0.33823693,0.14365354,1.5122865
sternberg,subject71,s1,2.508224,4.23945,0.21065754,0.1174867,1.5536956
sternberg,subject72,s1,1.9936711,3.553281,0.32644254,0.21619292,1.4289573
sternberg,subject73,s1,1.8738968,3.9080849,0.2933386,0.1133561,1.379315
sternberg,subject74,s1,2.333575,6.370548,0.24551478,0.08227059,1.4684051
sternberg,subject75,s1,2.6713762,3.0061383,0.29210812,0.1778555,1.495537
sternberg,subject76,s1,2.6349463,4.255396,0.24866557,0.11687426,1.5287739
sternberg,subject77,s1,2.570552,3.372304,0.32082528,0.1467209,1.4474459
sternberg,subject78,s1,2.6115725,3.6565757,0.2668876,0.1453356,1.5362923
sternberg,subject79,s1,2.83001,4.3011503,0.23921886,0.12717234,1.4559902
sternberg,subject8,s1,2.4443784,5.057022,0.22689241,0.09615559,1.3542204
sternberg,subject80,s1,2.5552425,5.109327,0.26960903,0.102987796,1.4493868
sternberg,subject81,s1,2.0905619,3.3107295,0.27040523,0.12269686,1.5095631
sternberg,subject82,s1,2.703343,3.5578184,0.28096387,0.14164333,1.4434111
sternberg,subject83,s1,2.3724768,3.168726,0.24396348,0.13427669,1.5083894
sternberg,subject84,s1,2.233729,3.5380833,0.23440208,0.12519853,1.5256234
sternberg,subject85,s1,2.6586199,3.9908266,0.37616417,0.19639008,1.4729168
sternberg,subject86,s1,2.3484738,5.2192936,0.24799725,0.09769436,1.4096454
sternberg,subject87,s1,2.2015467,3.1610425,0.26734617,0.15629135,1.4802029
sternberg,subject88,s1,2.2730994,6.065519,0.27460748,0.08634572,1.4478544
sternberg,subject89,s1,2.8606725,2.9256835,0.2849776,0.16198424,1.5120217
sternberg,subject9,s1,1.963337,3.91074,0.22471681,0.12297484,1.430053
sternberg,subject90,s1,2.6073315,4.855131,0.28122967,0.1072973,1.4580395
sternberg,subject91,s1,2.7580538,3.7415333,0.27801988,0.15229031,1.4917884
sternberg,subject92,s1,2.0221364,3.4801178,0.26320082,0.11726787,1.3698932
sternberg,subject93,s1,2.430745,5.032916,0.25109184,0.1079826,1.4841231
sternberg,subject94,s1,2.5455263,4.0189195,0.22432877,0.12846935,1.5723156
sternberg,subject95,s1,2.2080112,3.136412,0.22345194,0.13462527,1.4530276
sternberg,subject96,s1,2.3472896,2.7640414,0.24357316,0.14317144,1.559341
sternberg,subject97,s1,2.2810924,2.9577453,0.234032,0.13568224,1.522556
sternberg,subject98,s1,2.951702,2.709353,0.39576423,0.24874109,1.3444027
sternberg,subject99,s1,2.5680733,3.250484,0.2708603,0.1888873,1.6034658
sternberg,subject1,s3,3.6036038,2.751769,0.43925557,0.2037408,1.5784595
sternberg,subject10,s3,2.8151035,3.3982658,0.53357863,0.1715584,1.4201959
sternberg,subject100,s3,2.836465,3.7456284,0.52923274,0.23269492,1.4042808
sternberg,subject101,s3,2.2687297,4.61058,0.30168116,0.12707014,1.4428033
sternberg,subject102,s3,2.9161332,3.6609972,0.35725322,0.18438102,1.5112493
sternberg,subject103,s3,2.7372684,4.039277,0.30577692,0.14930852,1.5196867
sternberg,subject104,s3,2.9780953,4.176673,0.29101956,0.13853264,1.5211278
sternberg,subject105,s3,3.338859,3.3053172,0.35153404,0.19147055,1.5346228
sternberg,subject106,s3,2.628343,1.0587947,0.4930658,0.16943379,1.5405047
sternberg,subject107,s3,2.901365,4.703785,0.36166537,0.13789561,1.4213533
sternberg,subject108,s3,3.2883048,3.1425877,0.3269084,0.17338192,1.5541425
sternberg,subject109,s3,2.3578167,3.2133358,0.306352,0.15598477,1.4043547
sternberg,subject11,s3,2.69474,2.3392074,0.36284405,0.16891365,1.4851595
sternberg,subject110,s3,2.374782,4.831401,0.2626292,0.12649605,1.5139438
sternberg,subject111,s3,2.2253273,5.0225706,0.28385794,0.10060255,1.444944
sternberg,subject112,s3,2.8221352,3.8404503,0.32817963,0.16510779,1.4829172
sternberg,subject113,s3,2.1927974,3.4502623,0.27394277,0.12419775,1.305067
sternberg,subject114,s3,2.6644561,2.6543572,0.27038035,0.16530819,1.5104059
sternberg,subject115,s3,2.8385477,3.0385666,0.26597816,0.14789033,1.4901052
sternberg,subject116,s3,3.124383,3.1920497,0.32881537,0.18459584,1.5002228
sternberg,subject117,s3,2.8044693,1.5637043,0.36636212,0.16017194,1.5543624
sternberg,subject118,s3,2.5934865,4.761484,0.29991126,0.12921256,1.4802686
sternberg,subject119,s3,2.6131985,1.7617178,0.26383114,0.14319028,1.5587937
sternberg,subject12,s3,2.2296975,2.8974707,0.24573785,0.13495824,1.4541111
sternberg,subject120,s3,2.483811,3.853269,0.31835508,0.14285363,1.4495366
sternberg,subject121,s3,2.172121,2.7540402,0.3172274,0.1763485,1.3387108
sternberg,subject122,s3,1.9009144,1.2010893,0.25535727,0.12650433,1.4564261
sternberg,subject123,s3,2.588017,4.261576,0.2783779,0.1405605,1.4491721
sternberg,subject124,s3,3.1065824,3.4730523,0.27742463,0.15023212,1.5335592
sternberg,subject125,s3,2.704438,2.9778416,0.310819,0.17682359,1.4004035
sternberg,subject126,s3,3.0571325,3.8564677,0.36495677,0.16133866,1.4720713
sternberg,subject127,s3,3.006166,3.095045,0.36902156,0.21541725,1.5160083
sternberg,subject128,s3,2.6473575,5.1401944,0.29395762,0.11185937,1.5155005
sternberg,subject129,s3,2.680367,3.3990188,0.35346723,0.17985868,1.4380262
sternberg,subject13,s3,2.3329384,4.6320186,0.2405664,0.10156912,1.2877268
sternberg,subject130,s3,2.665862,5.2902575,0.34744608,0.11626146,1.435266
sternberg,subject131,s3,2.4861574,5.13743,0.3387276,0.10865713,1.4340496
sternberg,subject132,s3,2.1853306,3.9155195,0.27006593,0.12732208,1.374016
sternberg,subject133,s3,2.5637493,3.5967853,0.3445154,0.1447627,1.4859738
sternberg,subject134,s3,3.112119,4.5560303,0.36141652,0.15236779,1.4948514
sternberg,subject14,s3,2.3376923,1.3675003,0.3095267,0.15744239,1.4447732
sternberg,subject15,s3,2.8435082,3.8011613,0.3128919,0.14111915,1.4856699
sternberg,subject16,s3,2.8013394,3.3405254,0.30114585,0.15743376,1.460932
sternberg,subject17,s3,2.8152788,3.9991798,0.29904133,0.1465584,1.5713797
sternberg,subject18,s3,2.5395694,5.820944,0.37111038,0.10655674,1.5212932
sternberg,subject19,s3,2.6297867,4.8230534,0.31719887,0.1335437,1.5038593
sternberg,subject2,s3,2.4249907,2.7596595,0.33049357,0.16163667,1.3237817
sternberg,subject20,s3,2.5867355,4.33978,0.26208454,0.12146175,1.4904219
sternberg,subject21,s3,3.0528507,4.2675753,0.48856494,0.15707754,1.4710633
sternberg,subject22,s3,2.3028767,3.2020736,0.3356301,0.1605959,1.3089403
sternberg,subject23,s3,3.210177,2.1619387,0.35076734,0.18820626,1.536131
sternberg,subject24,s3,2.430815,4.306768,0.26765072,0.121833995,1.4080845
sternberg,subject25,s3,2.4102426,2.7236428,0.28091428,0.14517902,1.4991708
sternberg,subject26,s3,3.0224733,3.5710893,0.38933006,0.18525942,1.3052253
sternberg,subject27,s3,3.289324,3.9004366,0.38037103,0.1559485,1.3793775
sternberg,subject28,s3,2.941113,4.1779137,0.2712491,0.13354298,1.5365254
sternberg,subject29,s3,1.9292803,3.6768703,0.31632602,0.13660753,1.3225298
sternberg,subject3,s3,2.8230152,2.5403929,0.3637165,0.16643324,1.4991502
sternberg,subject30,s3,2.1883173,4.9898067,0.29033256,0.10094709,1.4235631
sternberg,subject31,s3,2.937276,4.316279,0.34198347,0.14722532,1.4714485
sternberg,subject32,s3,2.7032712,2.8465166,0.27253425,0.15697788,1.4713084
sternberg,subject33,s3,2.6105945,1.7622477,0.6793827,0.24835555,1.4221978
sternberg,subject34,s3,2.1491263,5.045931,0.28077474,0.10146929,1.3599561
sternberg,subject35,s3,2.8900435,4.2685065,0.37562636,0.15310055,1.3750234
sternberg,subject36,s3,2.4736724,4.022129,0.3052461,0.15261488,1.424468
sternberg,subject37,s3,2.2516272,3.0230486,0.32400846,0.19773692,1.3427204
sternberg,subject38,s3,2.2885718,1.7855461,0.32923746,0.15019122,1.5209006
sternberg,subject39,s3,3.2875297,2.9100463,0.34739482,0.169045,1.5019869
sternberg,subject4,s3,2.8157446,3.1543834,0.39911008,0.21835932,1.252945
sternberg,subject40,s3,2.3776965,4.097789,0.3119931,0.14100863,1.3975554
sternberg,subject41,s3,3.1065915,3.9495525,0.3186131,0.14743826,1.5294251
sternberg,subject42,s3,2.3402495,3.236866,0.27671304,0.1474047,1.4533578
sternberg,subject43,s3,3.5184317,3.7021823,0.4500805,0.22031543,1.4575955
sternberg,subject44,s3,3.0060768,3.9590023,0.33735913,0.15703753,1.4673165
sternberg,subject45,s3,2.609148,4.6935344,0.27813485,0.12633312,1.4847227
sternberg,subject46,s3,2.837141,4.05061,0.38566628,0.16585729,1.3926077
sternberg,subject47,s3,3.1441176,3.4673023,0.34687692,0.18162093,1.4584475
sternberg,subject48,s3,2.5933924,3.612896,0.2843348,0.15373497,1.4170513
sternberg,subject49,s3,3.036341,4.4982815,0.31615287,0.13843903,1.501426
sternberg,subject5,s3,2.785593,2.9010446,0.3501562,0.18692222,1.3799279
sternberg,subject50,s3,3.0462365,4.797825,0.38029614,0.13613108,1.5007384
sternberg,subject51,s3,2.3828657,4.2587147,0.27805993,0.12942693,1.351305
sternberg,subject52,s3,2.9425893,5.380921,0.35884658,0.12025512,1.4386511
sternberg,subject53,s3,2.4987454,4.689538,0.3017742,0.1221045,1.4477623
sternberg,subject54,s3,2.356175,3.9834452,0.31498876,0.16065487,1.4817231
sternberg,subject55,s3,2.63163,4.3108883,0.29717106,0.1304031,1.4192878
sternberg,subject56,s3,2.6334498,5.912391,0.3466051,0.0969626,1.4896133
sternberg,subject57,s3,2.8209484,3.3362103,0.28320783,0.14167073,1.5456002
sternberg,subject58,s3,2.563835,4.238618,0.3201951,0.128548,1.4559847
sternberg,subject59,s3,2.4977527,5.2560854,0.29680747,0.11112302,1.4840195
sternberg,subject6,s3,2.824205,4.321907,0.3104005,0.1313487,1.5427736
sternberg,subject60,s3,2.5425653,3.885691,0.3276689,0.15253636,1.438529
sternberg,subject61,s3,2.2465122,4.046361,0.34629408,0.15571058,1.3623849
sternberg,subject62,s3,2.2014952,4.3042765,0.32077056,0.1315672,1.3708698
sternberg,subject63,s3,2.8433518,3.4469717,0.32028174,0.15746303,1.4397749
sternberg,subject64,s3,2.468959,4.687455,0.2830504,0.121207476,1.4336519
sternberg,subject65,s3,2.4196749,4.1708837,0.28423464,0.13132459,1.3405875
sternberg,subject66,s3,2.6847484,4.263343,0.3242282,0.14856178,1.4590263
sternberg,subject67,s3,2.6850924,3.5125732,0.33459434,0.16286875,1.4985278
sternberg,subject68,s3,2.5303836,4.0927076,0.26324204,0.13368526,1.4761107
sternberg,subject69,s3,3.3956847,3.716167,0.4055631,0.16691989,1.4942948
sternberg,subject7,s3,3.0279973,3.997518,0.29670045,0.15948188,1.550364
sternberg,subject70,s3,3.2664435,2.411008,0.45482707,0.19231325,1.5458804
sternberg,subject71,s3,3.025875,4.0947337,0.30316442,0.14537635,1.5387547
sternberg,subject72,s3,2.5538194,3.6910672,0.34885138,0.17943151,1.4997505
sternberg,subject73,s3,3.0338001,4.2765346,0.29762012,0.13771999,1.5179076
sternberg,subject74,s3,2.625484,5.8184996,0.25521874,0.09020988,1.4615831
sternberg,subject75,s3,3.0298219,2.8527598,0.4200076,0.20115727,1.4601036
sternberg,subject76,s3,2.6733289,3.5529246,0.32649395,0.17990348,1.4565293
sternberg,subject77,s3,2.9769678,3.4018922,0.45935267,0.1855189,1.3625711
sternberg,subject78,s3,3.124981,4.095521,0.3307286,0.15902741,1.5376112
sternberg,subject79,s3,2.592592,4.1884146,0.27722618,0.12946938,1.3782104
sternberg,subject8,s3,2.7858303,3.443543,0.26167685,0.1412232,1.5132583
sternberg,subject80,s3,2.398108,4.076971,0.3376406,0.15749654,1.4416028
sternberg,subject81,s3,2.784243,3.8144586,0.34300423,0.1675948,1.4359064
sternberg,subject82,s3,3.1559792,2.2479062,0.29925656,0.15654549,1.5840888
sternberg,subject83,s3,2.4123945,3.2268405,0.3707867,0.18447645,1.3070924
sternberg,subject84,s3,2.5328918,2.718566,0.27789575,0.153372,1.4802831
sternberg,subject85,s3,3.0074005,2.037912,0.4012176,0.18287434,1.5455856
sternberg,subject86,s3,2.7344255,4.0800805,0.3292974,0.14948724,1.4116136
sternberg,subject87,s3,3.0226028,3.7122383,0.2904188,0.15229782,1.5377142
sternberg,subject88,s3,2.4879446,4.6286144,0.3201139,0.13282806,1.4579451
sternberg,subject89,s3,2.8711596,2.679552,0.3860636,0.20473832,1.4676937
sternberg,subject9,s3,2.151994,3.58842,0.30232772,0.15828224,1.2880063
sternberg,subject90,s3,2.802328,5.0396657,0.32054725,0.12976778,1.5362808
sternberg,subject91,s3,3.1131659,3.9617124,0.31794566,0.15310666,1.5476122
sternberg,subject92,s3,2.6414876,3.8577995,0.26750624,0.12602995,1.4219363
sternberg,subject93,s3,2.8289702,3.3789673,0.3377008,0.18279158,1.4615028
sternberg,subject94,s3,2.8696914,3.5110216,0.30235338,0.15041786,1.5107905
sternberg,subject95,s3,2.513417,3.221414,0.26030838,0.14962156,1.3726491
sternberg,subject96,s3,3.1502447,3.0313013,0.33073598,0.17421088,1.5031668
sternberg,subject97,s3,2.6460898,2.0878696,0.26421994,0.1445857,1.5622913
sternberg,subject98,s3,3.0721614,3.2108297,0.4403519,0.2517538,1.5078889
sternberg,subject99,s3,3.3534393,3.332781,0.401415,0.17261265,1.5381694
sternberg,subject1,s5,3.7955124,1.3569107,0.4554147,0.23074435,1.6050332
sternberg,subject10,s5,2.9226696,1.5756044,0.7280853,0.40761656,1.3669965
sternberg,subject100,s5,2.6845229,2.800976,0.56725764,0.2022714,1.3901519
sternberg,subject101,s5,2.6711726,4.122348,0.3106741,0.14529319,1.4386829
sternberg,subject102,s5,3.1556566,3.1843822,0.48674908,0.18482852,1.529104
sternberg,subject103,s5,2.8443236,3.497255,0.34281334,0.16852687,1.4614497
sternberg,subject104,s5,2.669678,3.5270844,0.38224363,0.1673513,1.3638932
sternberg,subject105,s5,3.726079,3.1476061,0.47262907,0.20369126,1.5227785
sternberg,subject106,s5,2.8661165,1.4797478,0.68021977,0.28852788,1.4549342
sternberg,subject107,s5,2.893585,4.309004,0.32165533,0.13986263,1.458092
sternberg,subject108,s5,3.3391967,2.7448149,0.3829557,0.23657654,1.4779614
sternberg,subject109,s5,2.970437,3.7225385,0.37022632,0.18286704,1.4058896
sternberg,subject11,s5,3.0575798,2.6151795,0.33571297,0.2003361,1.4972596
sternberg,subject110,s5,2.5097158,3.816066,0.23673342,0.124847434,1.4272869
sternberg,subject111,s5,2.5902276,3.2944202,0.2747962,0.14696681,1.5037361
sternberg,subject112,s5,3.0728974,1.8522081,0.37748763,0.19623052,1.5060062
sternberg,subject113,s5,2.3479555,3.8169866,0.40893617,0.15763536,1.2474396
sternberg,subject114,s5,3.0800464,3.3268485,0.30588475,0.15693925,1.4905704
sternberg,subject115,s5,2.9290857,2.7905147,0.3072151,0.15251721,1.5685819
sternberg,subject116,s5,3.1476498,3.0052574,0.43288133,0.22402376,1.4067957
sternberg,subject117,s5,2.9010122,2.122986,0.6228963,0.22621386,1.4410343
sternberg,subject118,s5,2.7974107,3.9863653,0.32304937,0.14400783,1.439503
sternberg,subject119,s5,3.36622,2.285458,0.36026716,0.19922459,1.5373602
sternberg,subject12,s5,2.0035675,2.7527385,0.28937703,0.19198786,1.3629043
sternberg,subject120,s5,2.7412503,4.0786743,0.3351115,0.15697974,1.4491537
sternberg,subject121,s5,2.0872576,2.4511838,0.3751504,0.16007866,1.3460323
sternberg,subject122,s5,2.469424,2.292925,0.2702172,0.15671289,1.4426441
sternberg,subject123,s5,2.0768838,2.3178778,0.33285683,0.19875087,1.2445931
sternberg,subject124,s5,3.0317678,3.7024105,0.3245759,0.15980959,1.4360555
sternberg,subject125,s5,2.4243429,2.1716843,0.33485174,0.1657567,1.472903
sternberg,subject126,s5,2.7598553,1.8059288,0.35916176,0.19588886,1.5377294
sternberg,subject127,s5,2.9215136,2.8708432,0.3934693,0.1978226,1.4208827
sternberg,subject128,s5,2.792632,4.81297,0.34099114,0.13256927,1.453437
sternberg,subject129,s5,3.24191,2.9020135,0.441668,0.24315263,1.4328237
sternberg,subject13,s5,2.2245204,4.46766,0.2950998,0.10990399,1.298392
sternberg,subject130,s5,2.630221,3.730366,0.37407535,0.16845885,1.4285929
sternberg,subject131,s5,2.783063,4.138844,0.3475343,0.15991005,1.5162439
sternberg,subject132,s5,2.610781,3.0044773,0.29654577,0.16069621,1.405675
sternberg,subject133,s5,2.213854,2.2285562,0.33544374,0.16909605,1.4223704
sternberg,subject134,s5,2.9802396,3.3567908,0.48967844,0.218379,1.3128974
sternberg,subject14,s5,2.157477,1.1352804,0.3553617,0.18561876,1.4370812
sternberg,subject15,s5,2.8132987,3.1253767,0.35250163,0.19696851,1.4117794
sternberg,subject16,s5,2.6399965,2.7014687,0.34497756,0.17493454,1.4358865
sternberg,subject17,s5,2.8170323,3.6633124,0.37076756,0.17307836,1.465867
sternberg,subject18,s5,2.7027025,4.0758524,0.45480722,0.15410727,1.4092344
sternberg,subject19,s5,2.9353733,2.9876008,0.31496722,0.16027653,1.5106254
sternberg,subject2,s5,2.269351,2.2861242,0.3953693,0.18992841,1.366255
sternberg,subject20,s5,2.5906315,3.2963507,0.32859248,0.1761983,1.39458
sternberg,subject21,s5,3.2686372,3.123733,0.5915915,0.2656421,1.4510219
sternberg,subject22,s5,2.732812,2.8992162,0.33013925,0.20604676,1.2712485
sternberg,subject23,s5,3.5285428,1.816925,0.5895745,0.43127078,1.451367
sternberg,subject24,s5,2.5213492,3.2644958,0.27682436,0.13517877,1.4832761
sternberg,subject25,s5,3.0173237,3.2390208,0.33409023,0.16664152,1.4986876
sternberg,subject26,s5,3.4939144,2.2435045,0.35024363,0.19696686,1.5554252
sternberg,subject27,s5,3.1060674,3.3758225,0.56227577,0.22128165,1.3298388
sternberg,subject28,s5,2.4868033,4.102009,0.29196987,0.12859699,1.4670613
sternberg,subject29,s5,2.4804692,3.6986418,0.37960017,0.16119245,1.3660495
sternberg,subject3,s5,2.9014964,3.0529764,0.4395288,0.21123637,1.3511795
sternberg,subject30,s5,2.1051826,4.136801,0.2799758,0.119361445,1.3661036
sternberg,subject31,s5,2.8342326,3.3221571,0.3239506,0.15168403,1.3682351
sternberg,subject32,s5,2.9193873,3.6087954,0.4533107,0.2025816,1.3170856
sternberg,subject33,s5,2.7959793,1.9632849,0.8667517,0.33722493,1.2061169
sternberg,subject34,s5,2.0038211,4.189052,0.30192846,0.12760824,1.3377534
sternberg,subject35,s5,2.918721,2.6759486,0.40458238,0.17268772,1.4602895
sternberg,subject36,s5,2.2704928,3.316709,0.36422762,0.19630133,1.2957075
sternberg,subject37,s5,2.4412768,2.8422663,0.3275431,0.17265722,1.3202697
sternberg,subject38,s5,2.3382778,2.5552566,0.3717465,0.18416844,1.3829039
sternberg,subject39,s5,2.964215,1.9522781,0.3652087,0.16338038,1.5851636
sternberg,subject4,s5,2.667388,2.9162369,0.38041207,0.18732917,1.3937181
sternberg,subject40,s5,2.2556148,3.599979,0.38159448,0.15777084,1.212613
sternberg,subject41,s5,3.0047085,3.4817293,0.3509475,0.17297788,1.5023875
sternberg,subject42,s5,2.481303,3.7907414,0.37270564,0.15819298,1.3989973
sternberg,subject43,s5,3.3529818,2.917871,0.41022167,0.23141257,1.5035876
sternberg,subject44,s5,3.4454226,3.0885243,0.63407004,0.24431139,1.5005769
sternberg,subject45,s5,2.0533495,3.5492206,0.32031077,0.15397733,1.2980162
sternberg,subject46,s5,3.381871,2.842224,0.5155031,0.23093879,1.4671941
sternberg,subject47,s5,3.259304,2.571994,0.3757705,0.22798395,1.4636242
sternberg,subject48,s5,2.3405411,3.7732935,0.35873902,0.15471032,1.2773602
sternberg,subject49,s5,3.2090182,3.3517628,0.35966405,0.16625938,1.5666608
sternberg,subject5,s5,2.8230343,2.6572237,0.34913617,0.19402966,1.2571713
sternberg,subject50,s5,2.565609,2.5158648,0.41770628,0.16503373,1.4580157
sternberg,subject51,s5,2.9359617,4.562563,0.27512193,0.12599385,1.49553
sternberg,subject52,s5,2.7775185,3.4439213,0.44287145,0.18355039,1.370254
sternberg,subject53,s5,2.8838453,5.009595,0.32807857,0.12678,1.4528321
sternberg,subject54,s5,2.605026,3.1906247,0.3336324,0.15415639,1.4553416
sternberg,subject55,s5,2.6165862,1.7772441,0.31495866,0.15892956,1.5483735
sternberg,subject56,s5,2.8397727,4.7033596,0.34796613,0.13305056,1.4662662
sternberg,subject57,s5,3.4639907,2.8928366,0.47205052,0.25919938,1.4830949
sternberg,subject58,s5,2.4768798,3.9092126,0.37974343,0.14695884,1.3587129
sternberg,subject59,s5,2.7269292,3.0317147,0.33216995,0.18382128,1.4507747
sternberg,subject6,s5,2.853051,4.1554327,0.31220686,0.14422977,1.4810144
sternberg,subject60,s5,2.8087218,2.1353645,0.33559293,0.1846874,1.4288852
sternberg,subject61,s5,2.491263,2.0540469,0.3086941,0.1518887,1.4487759
sternberg,subject62,s5,2.3426669,4.1732635,0.35582373,0.1373829,1.2884439
sternberg,subject63,s5,2.946534,2.6475916,0.40600547,0.23681411,1.4539626
sternberg,subject64,s5,2.5187461,3.3028219,0.29970917,0.14190145,1.4648154
sternberg,subject65,s5,2.2701483,2.4697816,0.33972436,0.15741253,1.4213308
sternberg,subject66,s5,2.6303115,3.0277972,0.31942323,0.14847197,1.5169208
sternberg,subject67,s5,2.746473,3.7145905,0.3421521,0.14955686,1.4037039
sternberg,subject68,s5,2.8161473,3.1135426,0.3430403,0.20893137,1.406304
sternberg,subject69,s5,3.2245102,2.9725063,0.58507395,0.2561031,1.3530447
sternberg,subject7,s5,2.9313993,2.8784413,0.2501555,0.1569716,1.5955081
sternberg,subject70,s5,3.0872905,1.7940164,0.53392184,0.19108556,1.5508248
sternberg,subject71,s5,3.3137734,3.83376,0.35418573,0.15234597,1.4696467
sternberg,subject72,s5,3.1290553,3.46762,0.37261355,0.15853502,1.461439
sternberg,subject73,s5,3.0892215,3.462393,0.32280284,0.1622765,1.5747226
sternberg,subject74,s5,2.7118266,4.546586,0.3003783,0.14286998,1.4879024
sternberg,subject75,s5,3.250601,1.6369452,0.55676425,0.31623158,1.4444641
sternberg,subject76,s5,2.8816977,2.3679388,0.4081504,0.22760582,1.3988606
sternberg,subject77,s5,3.1948373,2.5451853,0.47764674,0.18984732,1.5226249
sternberg,subject78,s5,3.217197,2.9793184,0.47741258,0.21743332,1.4318073
sternberg,subject79,s5,2.729748,3.8939753,0.3419111,0.15037899,1.3605136
sternberg,subject8,s5,2.9180992,2.0999527,0.3230922,0.19777381,1.4593384
sternberg,subject80,s5,2.3240993,3.7107651,0.31845403,0.13298023,1.4042609
sternberg,subject81,s5,2.7548318,2.199933,0.43896115,0.21742173,1.3818022
sternberg,subject82,s5,3.1664581,1.4630502,0.34304732,0.17312208,1.5854738
sternberg,subject83,s5,2.9486423,2.9063482,0.3037798,0.16748023,1.5394654
sternberg,subject84,s5,2.5960653,2.572341,0.2763784,0.1563001,1.4601443
sternberg,subject85,s5,3.3205867,2.1710067,0.38361615,0.19305943,1.5968751
sternberg,subject86,s5,2.7800968,3.133436,0.38677877,0.19495246,1.454068
sternberg,subject87,s5,3.1545272,3.3643377,0.40372217,0.23863912,1.4795456
sternberg,subject88,s5,2.6460412,3.9077122,0.35902047,0.16309287,1.3535411
sternberg,subject89,s5,2.730266,3.1330824,0.4726653,0.18393245,1.4283066
sternberg,subject9,s5,3.1664386,3.8477755,0.3051797,0.15935719,1.5422705
sternberg,subject90,s5,2.9741838,3.9376807,0.34144688,0.17008342,1.4694693
sternberg,subject91,s5,3.2583604,3.2354314,0.39493763,0.23617984,1.5396674
sternberg,subject92,s5,2.2771356,2.378629,0.32066554,0.1899098,1.3289776
sternberg,subject93,s5,3.0160713,3.2184486,0.58452845,0.24261594,1.3930438
sternberg,subject94,s5,3.005787,2.7983925,0.38194704,0.23126714,1.491498
sternberg,subject95,s5,2.345221,1.8145278,0.33964238,0.21534373,1.3348968
sternberg,subject96,s5,3.205201,3.0500374,0.4475971,0.26977956,1.5111698
sternberg,subject97,s5,2.6116166,0.9522486,0.47614884,0.2835544,1.4065119
sternberg,subject98,s5,3.3976374,2.0564697,0.66443586,0.29219177,1.4803586
sternberg,subject99,s5,3.3400176,2.3787901,0.55473053,0.22124325,1.5539967
posner,subject1,pi,2.954668,4.510687,0.32371992,0.13486284,1.4400029
posner,subject10,pi,3.036755,4.554005,0.34455034,0.12131366,1.4078368
posner,subject100,pi,3.0417392,4.9534693,0.3998036,0.12999004,1.5093676
posner,subject101,pi,2.4762144,5.378406,0.28714526,0.10714294,1.5165967
posner,subject102,pi,2.9445267,4.697911,0.35278082,0.14411288,1.4700074
posner,subject103,pi,2.919445,4.133413,0.29217762,0.14318918,1.4890068
posner,subject104,pi,2.568125,4.953312,0.31676245,0.117704645,1.4346753
posner,subject105,pi,2.8755937,4.165666,0.32272977,0.1411272,1.5148895
posner,subject106,pi,2.7249908,2.9357429,0.25899783,0.13660243,1.4307227
posner,subject107,pi,2.8556423,4.810837,0.3147469,0.12846655,1.5100595
posner,subject108,pi,2.7475677,4.386898,0.30166894,0.139271,1.4885235
posner,subject109,pi,2.2238638,3.909048,0.26580906,0.13812956,1.4319292
posner,subject11,pi,2.7741342,3.9189973,0.27505994,0.14099184,1.4654118
posner,subject110,pi,2.7761815,5.253394,0.2954598,0.11913109,1.5034835
posner,subject111,pi,2.1913333,5.1113358,0.28559056,0.10156373,1.4025712
posner,subject112,pi,2.681818,4.5626216,0.28681645,0.124296114,1.4713926
posner,subject113,pi,2.4014442,4.5836353,0.3188033,0.13294885,1.401431
posner,subject114,pi,3.0515547,4.1845803,0.25962633,0.1347504,1.3412627
posner,subject115,pi,2.6855755,4.527308,0.30014527,0.13730374,1.494487
posner,subject116,pi,2.9706511,3.8905025,0.3458844,0.16971385,1.450043
posner,subject117,pi,2.9120924,3.2985394,0.33536467,0.14966859,1.5087788
posner,subject118,pi,2.5707085,4.9819074,0.285618,0.11887926,1.5316862
posner,subject119,pi,2.7421544,3.8952675,0.30119446,0.13467078,1.4466254
posner,subject12,pi,2.416989,4.18653,0.25654203,0.122013904,1.343511
posner,subject120,pi,2.3696487,5.777754,0.32601798,0.09681097,1.4665374
posner,subject121,pi,2.9200327,4.0249147,0.31773508,0.13438773,1.4533267
posner,subject122,pi,2.254661,2.1601756,0.23064554,0.13121971,1.5247833
posner,subject123,pi,2.3257236,5.0597715,0.27872032,0.11041379,1.4897051
posner,subject124,pi,2.8939402,4.434677,0.28304332,0.13141307,1.4596455
posner,subject125,pi,2.4215314,4.680916,0.26782686,0.10824758,1.3982158
posner,subject126,pi,2.91731,4.26124,0.27917266,0.13258147,1.5314683
posner,subject127,pi,2.58502,4.793556,0.30099317,0.12462806,1.4671226
posner,subject128,pi,2.4407997,5.538106,0.2976455,0.10270704,1.4822104
posner,subject129,pi,2.7666414,4.1353793,0.278706,0.13887459,1.4415808
posner,subject13,pi,2.2712307,3.4785638,0.25846162,0.112405725,1.4174329
posner,subject130,pi,2.478299,5.9580092,0.31024605,0.09214544,1.4911422
posner,subject131,pi,2.383593,5.3866277,0.28648812,0.10701147,1.5130746
posner,subject132,pi,2.461104,3.9605722,0.24792995,0.12953375,1.4222335
posner,subject133,pi,2.0457246,3.108156,0.33863842,0.15457165,1.4113848
posner,subject134,pi,2.7743437,5.4517493,0.30216607,0.109881155,1.4968969
posner,subject14,pi,2.8094165,1.7746019,0.16974357,0.23038208,1.4169536
posner,subject15,pi,2.6678016,4.862412,0.32635123,0.12481836,1.4487169
posner,subject16,pi,2.3929765,4.5155144,0.29366976,0.12307082,1.422386
posner,subject17,pi,2.6803746,4.741685,0.27589014,0.12527001,1.4674691
posner,subject18,pi,2.3394337,6.282242,0.32348123,0.083743915,1.4679649
posner,subject19,pi,2.6036887,5.10297,0.29854923,0.11650979,1.527305
posner,subject2,pi,2.5908368,3.342302,0.24739268,0.14102985,1.2596836
posner,subject20,pi,2.2665787,3.8930888,0.25169075,0.13078964,1.4022716
posner,subject21,pi,3.0990317,4.7654943,0.39676228,0.13994853,1.5022529
posner,subject22,pi,2.9134629,4.0486765,0.2208811,0.13212988,1.2244982
posner,subject23,pi,2.7692773,3.047009,0.31296125,0.15253025,1.5217568
posner,subject24,pi,3.5189557,4.280553,0.20588118,0.13144508,1.3464588
posner,subject25,pi,2.7854161,4.7388535,0.2613092,0.117749535,1.4922904
posner,subject26,pi,2.9293196,4.800525,0.32376003,0.13486975,1.5112591
posner,subject27,pi,2.8231854,5.0542526,0.3329741,0.1267586,1.4561825
posner,subject28,pi,2.4811106,5.120591,0.28597212,0.11435366,1.537107
posner,subject29,pi,1.9273939,5.5009356,0.2690667,0.08368569,1.3703885
posner,subject3,pi,2.7838101,2.909634,0.36097324,0.17280906,1.4355918
posner,subject30,pi,2.0788217,5.1981616,0.26822627,0.09309555,1.3393537
posner,subject31,pi,2.6656983,4.4582243,0.28352302,0.13669235,1.5285974
posner,subject32,pi,2.6406238,3.3996577,0.26908237,0.14821897,1.3496993
posner,subject33,pi,3.3993187,3.437408,0.34201446,0.16609149,1.4508703
posner,subject34,pi,2.4513886,5.404382,0.28613114,0.10113269,1.4221488
posner,subject35,pi,2.4650002,5.407038,0.37655163,0.108972624,1.4306461
posner,subject36,pi,2.71448,3.9350562,0.28689417,0.14089137,1.4299092
posner,subject37,pi,2.6743505,5.017603,0.31484318,0.11933273,1.3585407
posner,subject38,pi,2.2993288,4.7533455,0.32757515,0.11482899,1.3480242
posner,subject39,pi,2.905812,2.8469138,0.27567828,0.14490145,1.5441753
posner,subject4,pi,2.7723162,3.618038,0.2797502,0.13447464,1.4713948
posner,subject40,pi,2.7091782,4.446545,0.2941012,0.12693302,1.3779434
posner,subject41,pi,2.9177265,3.4257388,0.32289833,0.16283159,1.524889
posner,subject42,pi,2.31123,5.3497515,0.3113836,0.10011656,1.3976291
posner,subject43,pi,2.82347,3.9475365,0.31307822,0.13597485,1.4319282
posner,subject44,pi,2.646943,5.1540146,0.3514577,0.12568435,1.4860282
posner,subject45,pi,2.2726042,4.981406,0.30663666,0.106746756,1.3458911
posner,subject46,pi,2.632763,4.9330688,0.31719154,0.13152766,1.4823895
posner,subject47,pi,2.9739408,3.885172,0.30579397,0.1417309,1.5064778
posner,subject48,pi,2.6599834,4.616334,0.28976205,0.13173538,1.4265459
posner,subject49,pi,2.7733705,4.724039,0.30461386,0.12282443,1.4041954
posner,subject5,pi,2.9277256,4.0560713,0.31687194,0.15475291,1.4396309
posner,subject50,pi,2.769506,4.909857,0.33065096,0.11594807,1.4423724
posner,subject51,pi,2.4117296,4.588826,0.2511981,0.11402778,1.414685
posner,subject52,pi,2.7422078,5.3696575,0.33019567,0.12339144,1.5261037
posner,subject53,pi,2.3468325,5.1675577,0.32958925,0.114746556,1.4341867
posner,subject54,pi,2.6195776,5.2664633,0.34201765,0.10696356,1.3898118
posner,subject55,pi,2.838442,4.142924,0.30203044,0.13346341,1.4129243
posner,subject56,pi,2.6308887,5.3353977,0.31480962,0.12155363,1.50962
posner,subject57,pi,2.745029,4.603862,0.3253488,0.1363447,1.4348557
posner,subject58,pi,2.3178902,5.2668533,0.362112,0.11117991,1.4191476
posner,subject59,pi,2.334878,5.9481015,0.28059918,0.090410784,1.4825869
posner,subject6,pi,2.7655559,4.4943943,0.27863353,0.12595555,1.5020636
posner,subject60,pi,2.6021245,4.7543774,0.30766332,0.123381965,1.4161407
posner,subject61,pi,2.6437829,4.7851863,0.28704947,0.12370864,1.413141
posner,subject62,pi,2.6353393,5.0702558,0.28228116,0.1193235,1.4454463
posner,subject63,pi,2.5653052,4.6533303,0.3350122,0.12940761,1.3953831
posner,subject64,pi,2.5377526,5.734041,0.2943592,0.10150342,1.5059637
posner,subject65,pi,3.6772354,3.8938005,0.14261302,0.20767559,1.4142339
posner,subject66,pi,2.4217668,5.3109074,0.29538763,0.10503481,1.4499809
posner,subject67,pi,3.1390884,4.0069294,0.33964124,0.13571297,1.4143027
posner,subject68,pi,2.250186,5.1727962,0.2848793,0.107884996,1.4633704
posner,subject69,pi,2.8590722,4.66008,0.42881775,0.1253427,1.3838859
posner,subject7,pi,2.8116612,3.9897594,0.2813671,0.1424979,1.534155
posner,subject70,pi,1.9578444,2.0020099,0.41609126,0.17626794,1.3937647
posner,subject71,pi,2.5016706,5.619844,0.29938802,0.10484375,1.4671682
posner,subject72,pi,2.6598327,4.7462597,0.33707732,0.1343227,1.4730157
posner,subject73,pi,2.6204388,4.9464197,0.3500775,0.12806207,1.4150145
posner,subject74,pi,2.5158472,5.5551224,0.2787457,0.10430266,1.5298991
posner,subject75,pi,3.151907,3.5359735,0.30840594,0.17551775,1.4730965
posner,subject76,pi,2.4708729,4.5754104,0.3014405,0.12693664,1.4748604
posner,subject77,pi,3.226242,4.005696,0.34636348,0.14966063,1.4367876
posner,subject78,pi,2.707972,5.1255426,0.349151,0.13048056,1.4870766
posner,subject79,pi,2.8196297,4.4464836,0.35471305,0.1309403,1.4317467
posner,subject8,pi,2.6357512,4.959568,0.30236757,0.12639299,1.4766196
posner,subject80,pi,2.39776,4.9341345,0.31727034,0.11294285,1.4307851
posner,subject81,pi,2.5398986,4.727235,0.31931475,0.1327593,1.4812907
posner,subject82,pi,3.0166378,4.3203735,0.40359324,0.14396806,1.4884828
posner,subject83,pi,2.06136,4.229757,0.27057534,0.115176536,1.3660632
posner,subject84,pi,2.7048886,4.401194,0.29112834,0.14165442,1.4477229
posner,subject85,pi,2.8062868,4.0551176,0.3634219,0.15220374,1.4368707
posner,subject86,pi,2.5439308,4.8855047,0.30163676,0.113393776,1.3647622
posner,subject87,pi,2.9885397,4.6620336,0.29658633,0.12288285,1.4276066
posner,subject88,pi,2.2569008,5.4300184,0.30843902,0.10176029,1.4537402
posner,subject89,pi,2.9021842,3.9055207,0.32531944,0.15449649,1.3819281
posner,subject9,pi,2.7905927,4.4904127,0.20910592,0.10998262,1.330986
posner,subject90,pi,2.9620297,4.3263555,0.33232507,0.13760407,1.4681022
posner,subject91,pi,2.9000275,4.5864058,0.29718155,0.12955403,1.4887311
posner,subject92,pi,2.5857732,4.5219936,0.30143672,0.12818943,1.4417436
posner,subject93,pi,2.8885665,3.9878407,0.32085326,0.15266147,1.4550862
posner,subject94,pi,2.7267036,4.321409,0.29386345,0.13885824,1.474063
posner,subject95,pi,2.863666,2.5045059,0.17153925,0.21248582,1.3564543
posner,subject96,pi,2.8528225,4.498908,0.2884168,0.12883776,1.4369078
posner,subject97,pi,3.2986033,4.079876,0.19122672,0.1356056,1.3622909
posner,subject98,pi,3.0419319,3.9571385,0.38618246,0.15071893,1.4759487
posner,subject99,pi,2.9359937,4.6765604,0.39888126,0.128901,1.4200861
posner,subject1,ni,2.8481119,3.1186347,0.3080189,0.17253667,1.5231948
posner,subject10,ni,2.9106936,2.8856816,0.3330893,0.17274725,1.5399666
posner,subject100,ni,3.063438,3.5298553,0.41057432,0.19658284,1.4940497
posner,subject101,ni,2.4063854,4.2825584,0.33363062,0.13702913,1.4426119
posner,subject102,ni,2.9202137,3.3495023,0.33166593,0.16345492,1.5382355
posner,subject103,ni,2.5980244,3.255255,0.30910832,0.14570957,1.4581349
posner,subject104,ni,2.5114148,4.124807,0.31604028,0.1356565,1.3997014
posner,subject105,ni,2.6742637,2.964849,0.30785012,0.15438795,1.5235313
posner,subject106,ni,3.3963082,2.4611645,0.1790588,0.22198643,1.4080436
posner,subject107,ni,2.941134,4.2562685,0.30416876,0.1334025,1.5138237
posner,subject108,ni,2.8686407,3.4381256,0.28828204,0.14380436,1.4957047
posner,subject109,ni,2.2935536,3.7783346,0.28040436,0.13679424,1.4133627
posner,subject11,ni,2.7704158,3.3682487,0.29157096,0.14865404,1.5092536
posner,subject110,ni,2.7598581,5.000428,0.30627453,0.112134725,1.3894414
posner,subject111,ni,2.571767,5.2011247,0.30152932,0.11279738,1.5271636
posner,subject112,ni,2.4819071,2.882264,0.28451842,0.15211737,1.5211964
posner,subject113,ni,2.0339437,4.231778,0.36154714,0.13875285,1.3409963
posner,subject114,ni,2.7132142,3.52237,0.3403778,0.16022724,1.4407207
posner,subject115,ni,2.822393,4.3507376,0.31081796,0.13537773,1.4464802
posner,subject116,ni,2.8629668,3.005222,0.2907856,0.14832073,1.5193126
posner,subject117,ni,2.3975585,2.608823,0.31590426,0.15727545,1.4485362
posner,subject118,ni,2.8608894,3.7268412,0.3048799,0.15842918,1.513088
posner,subject119,ni,2.6962183,3.2030978,0.30595112,0.15424567,1.4662707
posner,subject12,ni,1.7825274,2.7852736,0.26587585,0.12463662,1.3425174
posner,subject120,ni,2.53692,3.9872844,0.30339006,0.122921064,1.4423232
posner,subject121,ni,2.5174415,3.115861,0.3330996,0.16518511,1.4348629
posner,subject122,ni,2.6356478,0.8388889,0.2375585,0.14667396,1.4864541
posner,subject123,ni,2.180988,3.5502667,0.2823831,0.1382549,1.404436
posner,subject124,ni,2.7676122,4.16457,0.29786623,0.14171949,1.4684348
posner,subject125,ni,2.3419924,3.3672767,0.2769768,0.14036047,1.4717779
posner,subject126,ni,3.034689,2.6098063,0.29628605,0.16095918,1.5585897
posner,subject127,ni,2.78841,4.177155,0.333034,0.14607322,1.4423723
posner,subject128,ni,2.5355456,4.7462816,0.31412104,0.12545356,1.4969922
posner,subject129,ni,2.6525617,3.6785512,0.345452,0.17233154,1.3904347
posner,subject13,ni,2.344421,2.5023458,0.28727677,0.13301186,1.4700363
posner,subject130,ni,2.559634,4.6977587,0.3363448,0.12640451,1.467974
posner,subject131,ni,2.6350665,4.305214,0.2996105,0.14137729,1.5204872
posner,subject132,ni,2.4663928,3.9654505,0.27159578,0.14047915,1.3887777
posner,subject133,ni,2.1738005,1.49078,0.2811706,0.14564942,1.4833608
posner,subject134,ni,2.6722138,4.55043,0.33796284,0.14148751,1.5094398
posner,subject14,ni,2.7987947,1.9321342,0.18793407,0.2077569,1.4016991
posner,subject15,ni,2.7449827,4.302046,0.37540877,0.15587409,1.4674208
posner,subject16,ni,2.4824276,3.4879942,0.29243743,0.15558603,1.4588412
posner,subject17,ni,2.747485,3.9614177,0.29424843,0.13340728,1.4444003
posner,subject18,ni,2.6856396,5.016259,0.32961902,0.12158462,1.4914634
posner,subject19,ni,2.5918858,3.778428,0.32286674,0.1426186,1.5095669
posner,subject2,ni,2.4368355,2.9787982,0.3636273,0.16742003,1.3087229
posner,subject20,ni,2.3361316,4.0145683,0.28086138,0.13104028,1.3384923
posner,subject21,ni,3.0692103,4.197567,0.38170245,0.15492511,1.5257056
posner,subject22,ni,2.3781466,3.6854987,0.25114262,0.14068215,1.1943717
posner,subject23,ni,2.6077738,2.2086911,0.27624473,0.15626216,1.4998094
posner,subject24,ni,2.4313247,2.5968208,0.3232909,0.1597301,1.4731882
posner,subject25,ni,2.6235962,4.755464,0.2960847,0.11996487,1.4539247
posner,subject26,ni,3.0910478,3.5839524,0.29893926,0.15768811,1.5294702
posner,subject27,ni,2.9705205,3.3847303,0.36131942,0.18151703,1.5329841
posner,subject28,ni,2.580024,4.777746,0.3234967,0.1276112,1.4811256
posner,subject29,ni,1.7641811,4.6321955,0.28124404,0.098000675,1.3874413
posner,subject3,ni,2.522211,1.6331943,0.38944182,0.21264265,1.4501793
posner,subject30,ni,1.9525137,5.107117,0.30475754,0.100017436,1.3714963
posner,subject31,ni,2.4725006,3.7018137,0.3086237,0.16041788,1.4710906
posner,subject32,ni,2.8073192,3.1631882,0.32394555,0.17534973,1.3557581
posner,subject33,ni,2.7745652,2.5607867,0.37664908,0.18460414,1.4070487
posner,subject34,ni,2.288112,4.108009,0.31526622,0.13009599,1.3176364
posner,subject35,ni,2.410764,2.8980803,0.35646534,0.15747036,1.4838221
posner,subject36,ni,2.5982547,3.422933,0.31685036,0.15673867,1.4281363
posner,subject37,ni,2.4294703,4.249667,0.29340708,0.12793747,1.3141718
posner,subject38,ni,2.1188133,3.404013,0.33476755,0.14907074,1.3430094
posner,subject39,ni,2.7509477,2.0897665,0.28176343,0.14653102,1.5670224
posner,subject4,ni,2.7852068,2.5162866,0.21026646,0.14849404,1.4383395
posner,subject40,ni,2.5164707,4.0255446,0.32581532,0.1408217,1.3894404
posner,subject41,ni,3.2295568,3.0241618,0.3297544,0.1822506,1.5833327
posner,subject42,ni,2.356108,4.267001,0.32996437,0.13228013,1.3620951
posner,subject43,ni,2.532051,2.9458287,0.34846517,0.17790112,1.4196459
posner,subject44,ni,2.6980789,4.021032,0.32626995,0.14965934,1.4940463
posner,subject45,ni,2.272095,4.616602,0.3155133,0.114796646,1.3425756
posner,subject46,ni,2.8254268,3.4135728,0.3314958,0.16294909,1.4996071
posner,subject47,ni,2.8648012,3.320846,0.29686567,0.16128263,1.5282722
posner,subject48,ni,2.4229968,3.6006112,0.3059212,0.15158439,1.3816038
posner,subject49,ni,2.4213343,4.070855,0.35142228,0.13062003,1.3583752
posner,subject5,ni,3.0297618,3.5163598,0.3642617,0.1818195,1.4222419
posner,subject50,ni,2.608472,3.4175744,0.323097,0.16525167,1.4966629
posner,subject51,ni,2.4869027,3.4696653,0.2612989,0.13016737,1.4405341
posner,subject52,ni,2.9947178,4.2123995,0.36103338,0.15293786,1.5186245
posner,subject53,ni,2.4602153,4.3162985,0.33540523,0.12637201,1.4483395
posner,subject54,ni,2.585285,4.9045587,0.38702857,0.12751389,1.4251087
posner,subject55,ni,2.6601217,3.9986653,0.33589417,0.14863902,1.4294096
posner,subject56,ni,2.502101,4.0191026,0.34429157,0.15884376,1.4649858
posner,subject57,ni,2.676074,3.453214,0.31923527,0.13774733,1.4384018
posner,subject58,ni,2.7724552,3.9763741,0.33826107,0.14469919,1.4900088
posner,subject59,ni,2.2200112,4.5895896,0.28353903,0.11385824,1.4727354
posner,subject6,ni,2.7584043,4.67455,0.2958068,0.12502712,1.4830686
posner,subject60,ni,2.378159,2.5200887,0.32783547,0.16411023,1.4626181
posner,subject61,ni,2.515197,3.4075758,0.27412033,0.1354995,1.489305
posner,subject62,ni,2.393724,4.2546744,0.2939974,0.12825927,1.372189
posner,subject63,ni,2.800619,3.551606,0.3564179,0.15895294,1.4420388
posner,subject64,ni,2.3905668,4.244631,0.31994653,0.15390599,1.4830801
posner,subject65,ni,2.608715,2.7755077,0.3146096,0.16915444,1.4522622
posner,subject66,ni,2.3619504,4.033639,0.28220457,0.12460297,1.4475216
posner,subject67,ni,2.4863591,1.8776228,0.32535744,0.14817227,1.5392847
posner,subject68,ni,2.2915053,4.246755,0.28753275,0.12518063,1.3618929
posner,subject69,ni,3.2258205,3.6816542,0.41940096,0.15510489,1.5209401
posner,subject7,ni,2.5483859,3.1103563,0.28494662,0.1570892,1.4692224
posner,subject70,ni,2.8442483,3.121078,0.3583705,0.1664344,1.502226
posner,subject71,ni,2.7098107,4.23574,0.34598225,0.13959268,1.4736371
posner,subject72,ni,2.4775538,3.6341252,0.34248745,0.1414754,1.4449393
posner,subject73,ni,2.2499392,4.0503263,0.33861107,0.13642082,1.4263151
posner,subject74,ni,2.4393046,5.671321,0.2962454,0.09672525,1.4828727
posner,subject75,ni,2.7365377,2.3850012,0.33387327,0.17872101,1.5054513
posner,subject76,ni,2.8721154,3.3612318,0.34233245,0.18775302,1.4951414
posner,subject77,ni,3.0604851,3.2370324,0.41220948,0.19589148,1.459841
posner,subject78,ni,2.8729012,4.368597,0.34939453,0.1420156,1.4932889
posner,subject79,ni,2.8968072,3.6267254,0.30061883,0.14732128,1.4626746
posner,subject8,ni,2.445925,4.2090635,0.30814934,0.13232577,1.3873166
posner,subject80,ni,2.4035594,5.0956144,0.33240408,0.11355907,1.3920726
posner,subject81,ni,2.5426083,3.1631117,0.34824982,0.1655481,1.4590641
posner,subject82,ni,3.1672711,3.0743878,0.39749712,0.18453261,1.5195477
posner,subject83,ni,2.2729762,3.0739572,0.24923876,0.13778134,1.4178674
posner,subject84,ni,2.6454809,3.6779847,0.33721268,0.16579634,1.3978112
posner,subject85,ni,2.6188061,3.6155148,0.38271287,0.17769589,1.388528
posner,subject86,ni,2.2242954,3.8359861,0.35065755,0.14525074,1.4081535
posner,subject87,ni,2.7668989,4.1571026,0.30744347,0.13344342,1.4021709
posner,subject88,ni,2.5235808,4.275814,0.30333823,0.13303047,1.454866
posner,subject89,ni,2.8730505,3.495244,0.34835607,0.15992035,1.4831089
posner,subject9,ni,2.4746869,4.318813,0.253811,0.12198096,1.4009775
posner,subject90,ni,2.9260812,3.8921223,0.36502102,0.15873282,1.4437484
posner,subject91,ni,2.7314787,3.356861,0.3210892,0.17164657,1.482751
posner,subject92,ni,2.2063522,3.8420467,0.31066304,0.14072993,1.3784615
posner,subject93,ni,3.0248246,3.354445,0.40236425,0.20585087,1.4451461
posner,subject94,ni,2.7870514,3.8644543,0.28140914,0.14484525,1.5356805
posner,subject95,ni,2.3544648,3.4373357,0.32012582,0.15873815,1.3648757
posner,subject96,ni,2.7520373,3.5187583,0.3117,0.15747403,1.4262685
posner,subject97,ni,2.7808297,2.1728315,0.17874564,0.17251879,1.4503084
posner,subject98,ni,2.8258944,3.6017063,0.38373965,0.1587527,1.4946208
posner,subject99,ni,2.997435,3.5415382,0.42669567,0.18646528,1.5133692
hick,subject1,0bit,1.9258325,5.3331203,0.14320847,0.09347091,1.5389522
hick,subject10,0bit,2.02501,6.8777485,0.18644908,0.07033759,1.4145172
hick,subject100,0bit,2.6134777,5.8131237,0.122669965,0.1300911,1.4416698
hick,subject101,0bit,2.2566285,6.734985,0.14454505,0.081945226,1.4565068
hick,subject102,0bit,1.9644473,4.6933937,0.115719944,0.14813653,1.4516379
hick,subject103,0bit,1.9087511,4.570335,0.13339007,0.12186701,1.5376747
hick,subject104,0bit,2.0952842,6.4431353,0.09968218,0.12332537,1.3308984
hick,subject105,0bit,1.9075422,6.714865,0.17550422,0.073353484,1.4607848
hick,subject106,0bit,1.8838464,3.0694325,0.14470312,0.14158137,1.5468782
hick,subject107,0bit,1.7821144,7.751189,0.18307896,0.06375916,1.3742967
hick,subject108,0bit,2.1477647,5.118169,0.14057675,0.10157449,1.4958936
hick,subject109,0bit,1.9528847,5.9994793,0.11624819,0.12011874,1.3762641
hick,subject11,0bit,1.9076506,3.6388814,0.15687141,0.10964076,1.5716152
hick,subject110,0bit,1.8270603,4.7361526,0.16311672,0.09347331,1.5206925
hick,subject111,0bit,1.7104282,7.787654,0.18533872,0.06693447,1.4280825
hick,subject112,0bit,1.9449452,6.2011366,0.18726018,0.08217023,1.5093808
hick,subject113,0bit,1.6631395,7.1452727,0.16773348,0.06784047,1.3931192
hick,subject114,0bit,1.8215374,4.0827556,0.113212824,0.15981749,1.4447372
hick,subject115,0bit,2.1443274,4.135873,0.15952666,0.108875394,1.5701782
hick,subject116,0bit,2.0833292,7.07833,0.1409848,0.07819243,1.4331261
hick,subject117,0bit,2.2856433,3.88968,0.17031406,0.11777381,1.5638736
hick,subject118,0bit,1.6308174,7.1920958,0.16186781,0.07113443,1.4445745
hick,subject119,0bit,1.9252644,5.3703322,0.13940221,0.09438183,1.5277803
hick,subject12,0bit,1.7128301,5.2498612,0.1608839,0.088549264,1.529472
hick,subject120,0bit,1.8703864,7.262006,0.14907116,0.06597191,1.3012971
hick,subject121,0bit,1.7551286,5.511383,0.16186093,0.08486366,1.5048208
hick,subject122,0bit,1.8195112,4.9827733,0.10634005,0.1485811,1.4612808
hick,subject123,0bit,1.8008845,7.4166794,0.15731342,0.06736335,1.3807216
hick,subject124,0bit,1.7446837,4.080232,0.11547929,0.1565991,1.4643384
hick,subject125,0bit,2.0064847,6.091763,0.14629108,0.07593582,1.3608049
hick,subject126,0bit,2.1502535,5.017434,0.114082545,0.14673762,1.4434203
hick,subject127,0bit,2.4326582,7.4727135,0.10442719,0.10270284,1.2610241
hick,subject128,0bit,2.1156936,7.2436175,0.11018932,0.10306204,1.3638021
hick,subject129,0bit,2.1243606,4.685128,0.11624938,0.15337804,1.4804484
hick,subject13,0bit,1.855012,4.7437744,0.16494474,0.09521199,1.5374434
hick,subject130,0bit,1.9481211,6.9426656,0.17689304,0.07190177,1.4254718
hick,subject131,0bit,2.373067,6.501267,0.109804034,0.1204928,1.3566567
hick,subject132,0bit,1.7977092,7.0120196,0.16607659,0.071072385,1.4311408
hick,subject133,0bit,2.0602286,5.6545734,0.10706237,0.13480169,1.3964976
hick,subject134,0bit,1.6551433,7.7847915,0.16898802,0.06525798,1.4119859
hick,subject14,0bit,2.3036034,3.5225043,0.12723812,0.18921615,1.50078
hick,subject15,0bit,2.1044266,6.1653004,0.14410964,0.08491667,1.4207671
hick,subject16,0bit,2.3404994,6.5869656,0.10816434,0.12198591,1.369965
hick,subject17,0bit,2.0223675,5.7646027,0.17771816,0.08747514,1.5166743
hick,subject18,0bit,2.618085,6.9648514,0.12857193,0.08989497,1.3609494
hick,subject19,0bit,2.1045215,5.3959627,0.10875115,0.13833962,1.3900763
hick,subject2,0bit,1.9277691,5.2910843,0.10558465,0.13763273,1.3781502
hick,subject20,0bit,2.028245,5.3141546,0.12910715,0.112334035,1.4461634
hick,subject21,0bit,2.5671499,4.7989054,0.20373163,0.10923119,1.5119715
hick,subject22,0bit,1.6344538,3.819854,0.11827019,0.1618991,1.498899
hick,subject23,0bit,2.2162752,4.7802925,0.1475707,0.108084664,1.5167549
hick,subject24,0bit,2.0158262,4.654628,0.16565877,0.10728481,1.5808208
hick,subject25,0bit,2.058225,6.1629663,0.11424768,0.11880365,1.4032294
hick,subject26,0bit,2.484672,6.6297503,0.11245227,0.12084478,1.3939663
hick,subject27,0bit,2.1519873,4.361756,0.18312256,0.10103462,1.5139642
hick,subject28,0bit,1.6463137,8.417927,0.18157817,0.061993122,1.3893739
hick,subject29,0bit,1.6708267,7.8509026,0.15991175,0.06651652,1.3753407
hick,subject3,0bit,2.528954,4.450734,0.23397818,0.13231687,1.5542139
hick,subject30,0bit,2.1080916,6.480152,0.10139105,0.11845603,1.3090543
hick,subject31,0bit,2.1479006,4.6817584,0.18460707,0.10299722,1.5448925
hick,subject32,0bit,1.8765457,4.683451,0.17312512,0.09853451,1.5490955
hick,subject33,0bit,2.3498023,3.9300067,0.18493722,0.116347775,1.5735939
hick,subject34,0bit,2.2049072,5.4762964,0.12481797,0.11093958,1.4029242
hick,subject35,0bit,2.2399096,7.2565937,0.13375974,0.08088922,1.3840504
hick,subject36,0bit,1.7770298,5.23896,0.15582164,0.09507389,1.5599059
hick,subject37,0bit,2.0227458,6.483906,0.14254773,0.0803513,1.4614884
hick,subject38,0bit,2.4438488,5.2222996,0.11504093,0.14783742,1.4284871
hick,subject39,0bit,2.527209,4.311588,0.15067546,0.121043846,1.5270697
hick,subject4,0bit,2.561699,6.4013414,0.10983747,0.12769046,1.3676579
hick,subject40,0bit,2.002058,6.3987613,0.15403433,0.0776393,1.4181494
hick,subject41,0bit,1.8172021,6.527964,0.16758247,0.0752271,1.4704541
hick,subject42,0bit,2.2301986,6.7834306,0.113291144,0.09652287,1.2182024
hick,subject43,0bit,2.0763395,6.4475365,0.17479233,0.07507474,1.4251239
hick,subject44,0bit,1.8605058,5.1935635,0.18741031,0.091054805,1.5340506
hick,subject45,0bit,2.528139,6.686416,0.107868254,0.120241046,1.3377216
hick,subject46,0bit,1.7648541,7.5641913,0.1636968,0.064842775,1.34776
hick,subject47,0bit,2.5015469,5.6740227,0.11264494,0.14126173,1.4186625
hick,subject48,0bit,1.717706,7.3989043,0.17800434,0.06906529,1.4542019
hick,subject49,0bit,1.9121141,5.786368,0.1764247,0.08559725,1.5237113
hick,subject5,0bit,1.9545598,6.2440434,0.1604152,0.08270923,1.5077665
hick,subject50,0bit,1.771595,5.5253844,0.1664374,0.087092005,1.5265846
hick,subject51,0bit,1.7428322,7.335164,0.15286076,0.06938611,1.3696762
hick,subject52,0bit,2.2084131,5.504013,0.18271713,0.089207105,1.4926515
hick,subject53,0bit,1.9041877,6.8804626,0.1849165,0.07245146,1.4500186
hick,subject54,0bit,2.610932,6.203319,0.1177668,0.12813741,1.4147493
hick,subject55,0bit,1.8707821,6.708495,0.16032082,0.072874755,1.4191067
hick,subject56,0bit,2.040802,6.216195,0.15049249,0.08408417,1.5048647
hick,subject57,0bit,2.1353805,5.8942304,0.15965651,0.08870097,1.5269327
hick,subject58,0bit,1.9246361,6.3162127,0.17204516,0.07613284,1.4492394
hick,subject59,0bit,1.6179154,7.9940085,0.16585803,0.06523001,1.3905761
hick,subject6,0bit,2.1080399,5.743018,0.12877217,0.10426983,1.4552013
hick,subject60,0bit,1.897629,4.877146,0.1095911,0.14938323,1.4561486
hick,subject61,0bit,2.4412336,5.2219114,0.1344808,0.12664783,1.4897704
hick,subject62,0bit,2.161252,7.321559,0.12977663,0.07977969,1.3542229
hick,subject63,0bit,1.9997611,6.5912714,0.17587875,0.077525124,1.4908034
hick,subject64,0bit,2.3077412,7.4033017,0.1267434,0.08342734,1.338365
hick,subject65,0bit,1.9787135,4.693403,0.11672154,0.14656311,1.4536842
hick,subject66,0bit,1.8899083,5.9652476,0.16107456,0.07965815,1.4659339
hick,subject67,0bit,1.8189834,1.1755486,0.1740295,0.1312828,1.4600416
hick,subject68,0bit,2.2276335,7.0503116,0.10844791,0.11244547,1.3844255
hick,subject69,0bit,2.0197437,3.4546988,0.12498537,0.17838861,1.5044957
hick,subject7,0bit,2.1983857,5.7417936,0.106852025,0.1381503,1.4184518
hick,subject70,0bit,1.9254186,5.0011687,0.18241793,0.09210333,1.5197368
hick,subject71,0bit,1.9102182,5.935362,0.17767772,0.080715224,1.493227
hick,subject72,0bit,2.0922902,5.2265563,0.11418715,0.14077538,1.4550643
hick,subject73,0bit,1.9054353,6.737863,0.105918795,0.10175132,1.2431724
hick,subject74,0bit,1.6641524,7.4442167,0.19040556,0.07256396,1.4742526
hick,subject75,0bit,1.8574452,3.705415,0.1642186,0.11201414,1.5763545
hick,subject76,0bit,2.2873242,7.819848,0.11373553,0.0911321,1.2965008
hick,subject77,0bit,1.9351101,3.5157065,0.14785013,0.121509336,1.5898046
hick,subject78,0bit,1.8526251,5.1414194,0.15850335,0.09296291,1.5319957
hick,subject79,0bit,2.0056193,6.329769,0.16599652,0.07727569,1.4382412
hick,subject8,0bit,2.0092673,5.988324,0.101306975,0.12316543,1.2988305
hick,subject80,0bit,1.8575428,7.745263,0.17688005,0.062330395,1.3381195
hick,subject81,0bit,1.5531591,4.1521435,0.14401874,0.092072405,1.4446753
hick,subject82,0bit,1.925964,4.239537,0.16356108,0.11266572,1.5992379
hick,subject83,0bit,1.9992192,6.7020493,0.105982184,0.10345079,1.2788948
hick,subject84,0bit,1.8479761,4.495374,0.16646905,0.101572,1.5651873
hick,subject85,0bit,2.1974735,4.918521,0.17427573,0.10330986,1.5502137
hick,subject86,0bit,2.158834,6.9178967,0.108774364,0.10649519,1.3172446
hick,subject87,0bit,1.1666816,3.580888,0.18069367,0.08674119,1.3947982
hick,subject88,0bit,1.8071781,7.6285524,0.21111171,0.06772831,1.4550321
hick,subject89,0bit,2.1800508,6.07832,0.23496607,0.081034884,1.4750177
hick,subject9,0bit,2.0955212,6.6033144,0.105847955,0.11852663,1.3882133
hick,subject90,0bit,2.1518574,6.145959,0.17706935,0.08079773,1.4617425
hick,subject91,0bit,2.256828,5.8655133,0.19415149,0.08762289,1.4837426
hick,subject92,0bit,1.8369159,5.4529095,0.10225445,0.13402572,1.3719153
hick,subject93,0bit,1.8920908,5.314078,0.160729,0.09039096,1.5227242
hick,subject94,0bit,1.9690013,6.6015806,0.17883626,0.07772384,1.478248
hick,subject95,0bit,2.0765572,5.2364836,0.110681236,0.14586118,1.4360161
hick,subject96,0bit,1.9033053,6.0288725,0.17351326,0.08297881,1.5102146
hick,subject97,0bit,2.153038,6.1538596,0.12090954,0.11064914,1.3997166
hick,subject98,0bit,2.1207173,4.3971457,0.117266804,0.16273089,1.5098195
hick,subject99,0bit,1.7599161,3.7415295,0.1625421,0.1071427,1.5594677
hick,subject1,1bit,2.1088498,5.2929983,0.17680308,0.09545047,1.544439
hick,subject10,1bit,2.1149688,6.392021,0.20993721,0.08006231,1.4911411
hick,subject100,1bit,2.3234825,5.942772,0.22497304,0.08965859,1.5114471
hick,subject101,1bit,2.0377498,6.4400454,0.22329415,0.07972086,1.4891275
hick,subject102,1bit,2.0328007,4.649784,0.18610826,0.107636146,1.5121374
hick,subject103,1bit,2.256651,5.3494654,0.1899129,0.095656134,1.5334278
hick,subject104,1bit,1.964114,6.4270372,0.17996843,0.081650645,1.5130743
hick,subject105,1bit,2.0949569,5.7459183,0.20653914,0.083640754,1.4592197
hick,subject106,1bit,2.3410225,3.8780084,0.17532158,0.10773512,1.4925406
hick,subject107,1bit,2.0084627,5.4828653,0.20414281,0.08881738,1.492752
hick,subject108,1bit,2.5182521,5.205276,0.22378965,0.10441816,1.5215074
hick,subject109,1bit,2.0316381,5.1514297,0.17276064,0.09837881,1.5371937
hick,subject11,1bit,2.3865502,4.946022,0.1960619,0.10418737,1.5343406
hick,subject110,1bit,2.1564794,5.136553,0.18491334,0.10235907,1.5705835
hick,subject111,1bit,1.8373501,7.3411283,0.2017858,0.07097681,1.4706922
hick,subject112,1bit,2.0807934,6.341404,0.20000796,0.0819634,1.5018972
hick,subject113,1bit,1.9339066,5.357043,0.19193709,0.09673761,1.5316008
hick,subject114,1bit,2.052886,5.640461,0.18259494,0.08869866,1.5059315
hick,subject115,1bit,2.6092467,3.9383516,0.2136003,0.1279346,1.5842152
hick,subject116,1bit,1.9126434,4.4607296,0.20384808,0.1452517,1.5780821
hick,subject117,1bit,2.4918394,3.795641,0.21249549,0.12926467,1.552092
hick,subject118,1bit,2.0385427,6.118989,0.18467708,0.086583704,1.5300161
hick,subject119,1bit,2.287556,5.6148987,0.19169922,0.09615245,1.5337275
hick,subject12,1bit,1.8378687,4.7160277,0.1746159,0.09452528,1.4886224
hick,subject120,1bit,1.8275251,6.44075,0.18574111,0.076289915,1.4701859
hick,subject121,1bit,2.0670624,5.773077,0.18433307,0.086359106,1.4887346
hick,subject122,1bit,1.9852619,4.7352386,0.17663783,0.098437466,1.4965603
hick,subject123,1bit,1.8475872,6.6571074,0.18854855,0.07534886,1.4721824
hick,subject124,1bit,2.2264786,5.5924525,0.1852883,0.09087361,1.4544181
hick,subject125,1bit,2.0991678,5.8529406,0.18254226,0.08659846,1.5100504
hick,subject126,1bit,2.1673377,5.8579483,0.19741774,0.0912757,1.5322809
hick,subject127,1bit,1.942863,5.1940207,0.17941491,0.09653822,1.5172637
hick,subject128,1bit,2.0795834,6.1907415,0.18523121,0.08310999,1.5001856
hick,subject129,1bit,2.0921843,5.149457,0.18762298,0.10360614,1.5690943
hick,subject13,1bit,1.8760343,5.4203186,0.20577319,0.085228644,1.445908
hick,subject130,1bit,2.0425947,6.6072726,0.20285654,0.07911598,1.5009689
hick,subject131,1bit,2.0038862,6.2145023,0.20111844,0.08201007,1.4905524
hick,subject132,1bit,2.0266147,5.9647202,0.18252526,0.08894575,1.5377587
hick,subject133,1bit,2.629719,4.952771,0.12681434,0.14052446,1.3716053
hick,subject134,1bit,1.7789531,7.153379,0.18955757,0.07035224,1.4483182
hick,subject14,1bit,2.3190787,3.7811053,0.2035623,0.11433924,1.526807
hick,subject15,1bit,2.203012,5.3487945,0.20551158,0.10101297,1.5183065
hick,subject16,1bit,2.0585172,6.339166,0.19884993,0.08080669,1.4981443
hick,subject17,1bit,2.1963825,5.8448334,0.1965803,0.09022837,1.5363097
hick,subject18,1bit,2.1894038,6.6129923,0.22760844,0.07601195,1.4357337
hick,subject19,1bit,2.2196646,6.1441526,0.21440645,0.086668156,1.4990942
hick,subject2,1bit,2.1787524,4.475453,0.1674771,0.099509,1.4471974
hick,subject20,1bit,2.2277029,6.072445,0.17947373,0.08230681,1.4647566
hick,subject21,1bit,2.7687566,5.0598106,0.28525698,0.11796927,1.5245408
hick,subject22,1bit,1.5770862,1.933066,0.17107157,0.11435053,1.4820783
hick,subject23,1bit,2.3090158,5.2464447,0.15266585,0.10324589,1.4973912
hick,subject24,1bit,2.2897692,5.178298,0.18626733,0.10069179,1.549905
hick,subject25,1bit,2.0394268,5.9247055,0.1911984,0.08659751,1.5031499
hick,subject26,1bit,2.100572,5.31675,0.18683068,0.10010129,1.5586445
hick,subject27,1bit,2.3453004,5.435415,0.21845204,0.096175775,1.485265
hick,subject28,1bit,1.8352443,6.577402,0.20559512,0.0747022,1.4662509
hick,subject29,1bit,1.6715074,6.1708093,0.17782265,0.07457204,1.4389987
hick,subject3,1bit,2.550031,3.5388396,0.24660905,0.12772727,1.5404589
hick,subject30,1bit,2.0240586,6.157166,0.18549469,0.08060201,1.4916867
hick,subject31,1bit,2.2019982,4.5087857,0.18223788,0.11068448,1.575717
hick,subject32,1bit,2.0508294,5.5786896,0.17793167,0.0900797,1.5156158
hick,subject33,1bit,2.6387417,3.3983645,0.21075095,0.12505102,1.552791
hick,subject34,1bit,2.1253037,6.1858644,0.22007865,0.082981005,1.4826714
hick,subject35,1bit,2.046825,6.426265,0.20011733,0.08000756,1.5006108
hick,subject36,1bit,1.9400218,5.7444744,0.17520113,0.089410126,1.5276974
hick,subject37,1bit,1.8835704,5.6963735,0.1831667,0.085145295,1.4763094
hick,subject38,1bit,1.924281,3.325745,0.18473616,0.106677115,1.4969037
hick,subject39,1bit,2.3771625,4.084942,0.20645677,0.114932805,1.5484353
hick,subject4,1bit,2.0175343,6.4682183,0.18283148,0.07917731,1.444906
hick,subject40,1bit,2.0345936,6.077717,0.20096654,0.08335468,1.4962047
hick,subject41,1bit,1.9300425,5.2060223,0.17457522,0.09914838,1.5558863
hick,subject42,1bit,1.9698589,6.9058094,0.19676803,0.07423368,1.47718
hick,subject43,1bit,2.1532555,5.4157724,0.18860587,0.091605105,1.4884174
hick,subject44,1bit,2.1232734,6.613939,0.22846255,0.07662248,1.479857
hick,subject45,1bit,2.020813,6.107357,0.18584247,0.08444196,1.5117813
hick,subject46,1bit,2.048293,6.6584854,0.2124105,0.07858715,1.4806759
hick,subject47,1bit,2.1405432,6.4440002,0.21644032,0.07957531,1.4858822
hick,subject48,1bit,2.0716176,5.7332973,0.18950143,0.09333382,1.5387524
hick,subject49,1bit,2.1780791,5.3170977,0.19444394,0.101885386,1.5543438
hick,subject5,1bit,2.3861074,4.9740276,0.16820428,0.10826508,1.5373236
hick,subject50,1bit,1.921371,5.828373,0.18755826,0.08924644,1.5262324
hick,subject51,1bit,1.8942115,6.1766944,0.18519032,0.07895487,1.4564929
hick,subject52,1bit,2.2756894,6.42246,0.24153197,0.08004662,1.4800749
hick,subject53,1bit,2.0438461,5.91724,0.18734272,0.08593132,1.5005623
hick,subject54,1bit,1.982455,5.41838,0.1918049,0.09447687,1.5105615
hick,subject55,1bit,2.1211343,5.576085,0.18673523,0.09379107,1.5127605
hick,subject56,1bit,2.098619,6.0434875,0.20700797,0.08588138,1.5011674
hick,subject57,1bit,2.1339467,5.2668905,0.17475227,0.09374289,1.5231332
hick,subject58,1bit,2.2157469,6.351693,0.22456765,0.08104599,1.4907813
hick,subject59,1bit,1.9292278,7.0116444,0.20178443,0.07350181,1.4789416
hick,subject6,1bit,2.1914282,5.5443487,0.18139777,0.09396338,1.5236934
hick,subject60,1bit,2.0404794,5.5354176,0.1897661,0.0861339,1.4784714
hick,subject61,1bit,2.2519417,4.89153,0.18853754,0.099120416,1.5183592
hick,subject62,1bit,2.0117667,6.0027266,0.18015556,0.082599856,1.4723046
hick,subject63,1bit,2.3883998,6.2111545,0.2056155,0.07815819,1.4270704
hick,subject64,1bit,1.8351734,6.514192,0.18933588,0.07486859,1.4481236
hick,subject65,1bit,2.2986565,5.02414,0.20149668,0.1017435,1.5365202
hick,subject66,1bit,2.0684443,6.099622,0.19112252,0.087901786,1.5199566
hick,subject67,1bit,2.5164473,3.9176855,0.20367937,0.11778039,1.5318873
hick,subject68,1bit,1.9777924,6.429324,0.18658243,0.07725573,1.476075
hick,subject69,1bit,2.689557,4.707665,0.24388035,0.11604052,1.4994926
hick,subject7,1bit,2.0885353,5.3706517,0.18243356,0.09841982,1.5644691
hick,subject70,1bit,2.3825016,5.2260137,0.2082477,0.09954756,1.530813
hick,subject71,1bit,2.3269055,5.747734,0.22999582,0.09562547,1.5333207
hick,subject72,1bit,2.1049235,5.027838,0.18955079,0.100669794,1.5215117
hick,subject73,1bit,1.865497,4.842481,0.17227264,0.08860627,1.4424036
hick,subject74,1bit,1.8519082,7.4621234,0.20208138,0.06876096,1.4487691
hick,subject75,1bit,2.4235072,3.970988,0.20010309,0.124277934,1.5517094
hick,subject76,1bit,1.9343119,6.528814,0.20606889,0.07437776,1.4158915
hick,subject77,1bit,2.5613549,4.311076,0.22625217,0.13469563,1.5324206
hick,subject78,1bit,2.204558,4.7556276,0.18603481,0.10929833,1.560004
hick,subject79,1bit,2.2817996,5.146368,0.18262462,0.098946325,1.5365243
hick,subject8,1bit,1.7926863,6.286218,0.19576137,0.08367963,1.516062
hick,subject80,1bit,1.9571655,7.0139246,0.20911743,0.07415229,1.4777993
hick,subject81,1bit,2.0675547,5.201728,0.17295097,0.09852107,1.5582321
hick,subject82,1bit,2.5645893,4.412897,0.19633926,0.10715854,1.4705582
hick,subject83,1bit,1.7567546,5.7488,0.17130607,0.07851626,1.4316941
hick,subject84,1bit,2.3807144,4.79609,0.19614573,0.11071128,1.5693179
hick,subject85,1bit,2.354106,4.9316616,0.20725945,0.10662522,1.5392188
hick,subject86,1bit,1.9678771,5.800968,0.16457713,0.087465584,1.5173433
hick,subject87,1bit,2.34374,5.171686,0.18863727,0.0982117,1.510706
hick,subject88,1bit,2.061674,6.3758883,0.21819475,0.080169074,1.4806153
hick,subject89,1bit,2.2933824,5.239917,0.2386291,0.10090697,1.506558
hick,subject9,1bit,1.8200688,6.79632,0.18324067,0.073443055,1.4444138
hick,subject90,1bit,2.0699768,5.73481,0.19906889,0.08944644,1.5004098
hick,subject91,1bit,2.3826811,5.6111894,0.22864254,0.09757835,1.5307343
hick,subject92,1bit,2.0775151,5.190646,0.16570526,0.09326542,1.4888059
hick,subject93,1bit,2.3149562,4.651578,0.19033776,0.11303476,1.5799732
hick,subject94,1bit,2.3220487,4.75355,0.19397064,0.10677234,1.5497954
hick,subject95,1bit,1.8453819,5.166522,0.17555878,0.090204865,1.4527726
hick,subject96,1bit,2.0419939,6.0073195,0.20051928,0.085501485,1.5003483
hick,subject97,1bit,1.9462851,6.168096,0.1825217,0.075000755,1.3774374
hick,subject98,1bit,2.3083863,4.6570234,0.20332171,0.12026895,1.4992124
hick,subject99,1bit,2.0579398,4.6706734,0.18932328,0.10208067,1.5456495
hick,subject1,2bit,2.1569858,3.7326608,0.19342472,0.11943603,1.5143366
hick,subject10,2bit,2.619976,4.429631,0.25040013,0.12998942,1.5437102
hick,subject100,2bit,2.4749637,4.8285847,0.257949,0.11951919,1.5011439
hick,subject101,2bit,1.9595126,6.6736717,0.25307056,0.07033652,1.3830472
hick,subject102,2bit,2.3121893,4.0465174,0.24169439,0.14179748,1.4740855
hick,subject103,2bit,2.4036646,3.3809762,0.21759684,0.13235492,1.5234059
hick,subject104,2bit,1.9799883,5.244329,0.19746357,0.093979575,1.480141
hick,subject105,2bit,2.5667205,4.780544,0.23866631,0.124690294,1.5253326
hick,subject106,2bit,2.7582824,4.666321,0.24836002,0.1230782,1.4559892
hick,subject107,2bit,2.2069383,5.3202763,0.26776117,0.11298351,1.516193
hick,subject108,2bit,2.7389698,4.239626,0.23784791,0.12290439,1.5568185
hick,subject109,2bit,2.161001,4.9881597,0.21047962,0.10154716,1.4919274
hick,subject11,2bit,2.61719,4.829269,0.24135652,0.118042156,1.5198181
hick,subject110,2bit,2.2115521,4.7804327,0.20492497,0.11332822,1.521868
hick,subject111,2bit,1.9391865,6.3431835,0.2193217,0.07820999,1.4679008
hick,subject112,2bit,2.3429458,4.1649275,0.20517583,0.112792656,1.5097109
hick,subject113,2bit,1.866488,4.9210324,0.2307097,0.094532706,1.3671479
hick,subject114,2bit,2.2082574,4.61271,0.22420138,0.11099569,1.4899141
hick,subject115,2bit,2.762195,4.2656984,0.3078346,0.1545366,1.4670945
hick,subject116,2bit,2.673315,3.2142687,0.3041265,0.22243431,1.5810726
hick,subject117,2bit,2.6405716,4.8387585,0.27921352,0.117874175,1.428795
hick,subject118,2bit,2.6143992,5.2167597,0.24246883,0.10977761,1.5278106
hick,subject119,2bit,2.4954522,4.3840227,0.25433853,0.14233156,1.5035992
hick,subject12,2bit,1.7037523,4.3481236,0.21520844,0.10017674,1.377327
hick,subject120,2bit,2.0197375,5.760023,0.21971592,0.08198637,1.4024538
hick,subject121,2bit,2.2065704,3.719707,0.22851148,0.12311683,1.3705016
hick,subject122,2bit,2.181896,4.1355157,0.21666071,0.12729508,1.5371532
hick,subject123,2bit,1.930634,5.715728,0.22118166,0.08894303,1.4632074
hick,subject124,2bit,2.2937396,3.761516,0.20101373,0.11833762,1.5121163
hick,subject125,2bit,2.252034,4.377243,0.21890785,0.12071434,1.5486671
hick,subject126,2bit,2.3474133,5.9733286,0.23436873,0.08517709,1.4294276
hick,subject127,2bit,2.2095857,4.789676,0.2401985,0.10969046,1.4396827
hick,subject128,2bit,2.3744836,5.875197,0.23915188,0.08934566,1.475094
hick,subject129,2bit,2.400548,4.616595,0.2392669,0.12487498,1.5045273
hick,subject13,2bit,1.8325082,3.629494,0.20624718,0.09655186,1.3799225
hick,subject130,2bit,2.2551494,5.7737913,0.21019985,0.08962524,1.4919125
hick,subject131,2bit,1.9485481,5.5950394,0.22423154,0.09009948,1.4545741
hick,subject132,2bit,1.8841866,4.556218,0.21113554,0.10207031,1.4802041
hick,subject133,2bit,2.028997,1.3691678,0.15651964,0.15239544,1.4668187
hick,subject134,2bit,2.0583537,6.3479724,0.21014738,0.07886328,1.4810078
hick,subject14,2bit,2.5377584,3.6558375,0.26135483,0.13586242,1.4512382
hick,subject15,2bit,2.367913,5.0878315,0.27913347,0.11253431,1.4102486
hick,subject16,2bit,2.1872315,5.4510126,0.19878893,0.084392376,1.3972415
hick,subject17,2bit,2.283874,5.197018,0.23053819,0.094230615,1.4246649
hick,subject18,2bit,2.354478,5.443804,0.26297498,0.106200464,1.4969516
hick,subject19,2bit,2.2358074,5.350247,0.24249324,0.10271715,1.5078675
hick,subject2,2bit,2.2555206,4.207524,0.2366036,0.11606002,1.3713887
hick,subject20,2bit,2.183471,5.2628064,0.24624823,0.09618382,1.4034003
hick,subject21,2bit,2.8662276,4.1718473,0.3355798,0.14301167,1.5084867
hick,subject22,2bit,2.0135195,3.4326525,0.23041807,0.14061743,1.4000597
hick,subject23,2bit,2.398384,4.6275024,0.22360878,0.11531547,1.5130197
hick,subject24,2bit,2.4475958,4.768263,0.22566764,0.11401127,1.5052345
hick,subject25,2bit,2.0406613,5.7175317,0.22283155,0.083298065,1.4248132
hick,subject26,2bit,2.177992,4.1897173,0.2543592,0.17882851,1.5612504
hick,subject27,2bit,2.5379298,5.235167,0.26046014,0.10549072,1.4475752
hick,subject28,2bit,2.2988818,5.087513,0.20135823,0.10286235,1.5342872
hick,subject29,2bit,1.7899871,7.010981,0.20489772,0.06680144,1.3893231
hick,subject3,2bit,2.7449892,2.7790244,0.25607097,0.14663947,1.5280033
hick,subject30,2bit,1.9087725,5.6603804,0.21874656,0.09038279,1.4780462
hick,subject31,2bit,2.1086173,3.8993685,0.26103678,0.17589092,1.5398465
hick,subject32,2bit,1.917619,4.1502423,0.20372997,0.11553021,1.4271514
hick,subject33,2bit,2.902077,4.036898,0.34307924,0.17400974,1.5019369
hick,subject34,2bit,2.3583927,5.548808,0.24321765,0.09675177,1.4633434
hick,subject35,2bit,2.13657,4.909379,0.24758503,0.11191419,1.4769508
hick,subject36,2bit,1.9805697,5.032172,0.20415781,0.1029481,1.5116214
hick,subject37,2bit,1.8777497,5.2444363,0.21362272,0.092298746,1.414491
hick,subject38,2bit,2.312409,4.594615,0.23500948,0.10653808,1.4287131
hick,subject39,2bit,2.8472137,3.7418413,0.2545901,0.14151274,1.5040594
hick,subject4,2bit,2.1266632,6.2298894,0.23831502,0.076258376,1.4004116
hick,subject40,2bit,2.1798258,4.517404,0.22241217,0.111008644,1.4705269
hick,subject41,2bit,2.6072025,4.930052,0.25540197,0.114799745,1.4945757
hick,subject42,2bit,2.0391088,6.1224923,0.21277896,0.07805303,1.4416775
hick,subject43,2bit,2.1610265,4.813826,0.2614342,0.11516666,1.4512962
hick,subject44,2bit,2.48787,5.2858477,0.22787583,0.1051428,1.5419071
hick,subject45,2bit,2.184898,5.4287376,0.23573984,0.098876886,1.5078031
hick,subject46,2bit,2.3009834,5.7452,0.25826237,0.09869477,1.5304375
hick,subject47,2bit,2.5644522,4.463045,0.2312733,0.12103237,1.4914682
hick,subject48,2bit,2.1580763,5.454325,0.22895305,0.09487682,1.4414176
hick,subject49,2bit,2.4693878,4.75723,0.22706187,0.118220985,1.5439966
hick,subject5,2bit,2.2788806,4.7501707,0.23488118,0.11033358,1.4294205
hick,subject50,2bit,2.0543253,5.091522,0.2388929,0.103318185,1.4674017
hick,subject51,2bit,2.2028708,5.5886774,0.2231665,0.0925755,1.4539573
hick,subject52,2bit,2.6180925,5.2528915,0.28233114,0.11823472,1.5537457
hick,subject53,2bit,2.138835,4.78308,0.22879511,0.10757628,1.4977067
hick,subject54,2bit,2.2874131,5.514115,0.25830057,0.09753983,1.4585377
hick,subject55,2bit,2.274335,5.1222844,0.19661479,0.10123249,1.4468007
hick,subject56,2bit,2.4159698,4.7464323,0.22369342,0.1223402,1.57143
hick,subject57,2bit,2.354191,4.3317113,0.22177224,0.12809294,1.5425344
hick,subject58,2bit,2.3937738,5.858511,0.26703155,0.092493966,1.4859746
hick,subject59,2bit,2.0774436,5.95026,0.22445074,0.090926,1.5023043
hick,subject6,2bit,2.4562342,4.9584737,0.25849926,0.11400058,1.4350333
hick,subject60,2bit,2.298553,4.9782953,0.22165969,0.09961692,1.4229316
hick,subject61,2bit,2.3774083,3.6887403,0.25128362,0.14502397,1.4700471
hick,subject62,2bit,1.9610059,5.406427,0.22369516,0.085864834,1.3814604
hick,subject63,2bit,2.1989708,4.879352,0.28514573,0.11154229,1.4269145
hick,subject64,2bit,2.11907,5.4623976,0.20390624,0.0949563,1.490597
hick,subject65,2bit,2.0228086,3.654775,0.22397256,0.11773969,1.4570485
hick,subject66,2bit,2.0955954,5.2273455,0.23516294,0.096404344,1.4246173
hick,subject67,2bit,2.1766481,1.2969558,0.24897207,0.13660592,1.5100126
hick,subject68,2bit,2.219336,5.5825286,0.22495995,0.09743759,1.5073285
hick,subject69,2bit,2.4930146,4.5732403,0.328386,0.15170273,1.4971881
hick,subject7,2bit,2.097032,4.7462363,0.21821603,0.12196961,1.5282903
hick,subject70,2bit,2.4763086,5.0704155,0.30308583,0.12580338,1.5066824
hick,subject71,2bit,2.5016809,5.533799,0.31724018,0.10717973,1.4761443
hick,subject72,2bit,2.2325568,4.2170863,0.21806738,0.1260756,1.4952565
hick,subject73,2bit,1.9341288,4.736211,0.17720443,0.09557197,1.3811288
hick,subject74,2bit,2.0712707,6.489917,0.22988549,0.0812306,1.5029278
hick,subject75,2bit,2.5575914,3.6225288,0.26067638,0.16074558,1.4838505
hick,subject76,2bit,2.2142334,4.9979434,0.2195944,0.099541,1.5084955
hick,subject77,2bit,2.5223045,4.6187515,0.25490874,0.11418206,1.3934842
hick,subject78,2bit,2.773758,4.352566,0.23894155,0.12882808,1.5396715
hick,subject79,2bit,2.2330675,4.7481422,0.22180893,0.119758725,1.4917718
hick,subject8,2bit,1.9699553,5.6944494,0.20558034,0.087431796,1.481098
hick,subject80,2bit,2.1598618,5.910505,0.22886547,0.088138066,1.4747173
hick,subject81,2bit,2.2403944,4.817132,0.2234436,0.104808144,1.4552811
hick,subject82,2bit,2.731625,4.109689,0.24796176,0.13677135,1.449513
hick,subject83,2bit,1.9952915,5.43989,0.20889704,0.08591055,1.4131662
hick,subject84,2bit,2.4144576,4.6821847,0.21902588,0.11390575,1.487859
hick,subject85,2bit,2.3878286,4.698114,0.2820516,0.12476084,1.4127682
hick,subject86,2bit,2.0042837,5.697446,0.2076645,0.08464592,1.4315207
hick,subject87,2bit,2.5466008,4.5237894,0.26381356,0.13834673,1.4821978
hick,subject88,2bit,2.0596037,5.5961504,0.2163036,0.08895777,1.4703867
hick,subject89,2bit,2.54546,4.7168746,0.31163043,0.13705137,1.4683859
hick,subject9,2bit,1.965877,6.272133,0.22115505,0.07537231,1.4254285
hick,subject90,2bit,2.1376321,4.4146433,0.22530806,0.11164506,1.4780262
hick,subject91,2bit,2.7449658,4.5095863,0.26797757,0.13261354,1.5175228
hick,subject92,2bit,2.1312215,5.242299,0.2254427,0.09207934,1.3973534
hick,subject93,2bit,2.6112432,4.317607,0.24216533,0.13628337,1.4980471
hick,subject94,2bit,2.6079357,4.6189876,0.258478,0.13257477,1.5573928
hick,subject95,2bit,1.9169161,4.7225895,0.23743707,0.105395064,1.4136962
hick,subject96,2bit,2.3419085,4.79249,0.24223185,0.11467643,1.5176456
hick,subject97,2bit,1.7956164,2.481425,0.20460281,0.109090716,1.4608155
hick,subject98,2bit,2.5649045,4.3261604,0.23036747,0.13549943,1.5028127
hick,subject99,2bit,2.4330993,4.0502167,0.26111856,0.16612321,1.4944392
